subject_id,session_date,session_id,trial,animal_response,earned_reward,est_Q_L,est_Q_R,est_alpha,est_beta,opt_sigma_alpha,opt_sigma_beta
639872,2022-11-29,639872_2022-11-29_130622,0,0.0,False,0.8617618750590906,0.11207083706750626,0.05307141069855337,1.3441729290415625,0.19194908601609892,0.12253869620191793
639872,2022-11-29,639872_2022-11-29_130622,1,0.0,False,0.8160269566634873,0.11207083706750626,0.04469514788741753,1.4297796750674918,0.19194908601609892,0.12253869620191793
639872,2022-11-29,639872_2022-11-29_130622,4,0.0,False,0.7795545111553062,0.11207083706750626,0.032858201291848126,1.3800475978603133,0.19194908601609892,0.12253869620191793
639872,2022-11-29,639872_2022-11-29_130622,5,0.0,False,0.7539397521097743,0.11207083706750626,0.02635332958284827,0.9854460380424862,0.19194908601609892,0.12253869620191793
639872,2022-11-29,639872_2022-11-29_130622,8,0.0,True,0.7340709293368136,0.11207083706750626,0.027092175880542385,0.815178712386093,0.19194908601609892,0.12253869620191793
639872,2022-11-29,639872_2022-11-29_130622,9,0.0,False,0.741275526490984,0.11207083706750626,0.04000737185239584,0.7583566953700875,0.19194908601609892,0.12253869620191793
639872,2022-11-29,639872_2022-11-29_130622,10,0.0,False,0.7116190408575912,0.11207083706750626,0.045257660978981144,0.6894039072129161,0.19194908601609892,0.12253869620191793
639872,2022-11-29,639872_2022-11-29_130622,11,0.0,True,0.6794128275602401,0.11207083706750626,0.05817836515394041,0.8561499451981511,0.19194908601609892,0.12253869620191793
639872,2022-11-29,639872_2022-11-29_130622,12,0.0,True,0.698064065142139,0.11207083706750626,0.05238540283339876,0.7270976486472316,0.19194908601609892,0.12253869620191793
639872,2022-11-29,639872_2022-11-29_130622,13,0.0,True,0.7138811007195298,0.11207083706750626,0.048625443418646955,0.7478207062941092,0.19194908601609892,0.12253869620191793
639872,2022-11-29,639872_2022-11-29_130622,14,0.0,True,0.7277937590674864,0.11207083706750626,0.04143600143433885,0.6168200744388068,0.19194908601609892,0.12253869620191793
639872,2022-11-29,639872_2022-11-29_130622,15,0.0,False,0.7390728972572032,0.11207083706750626,0.05631652500086303,0.668207563866554,0.19194908601609892,0.12253869620191793
639872,2022-11-29,639872_2022-11-29_130622,16,0.0,False,0.6974508799613687,0.11207083706750626,0.05409098011415091,0.7476709803298507,0.19194908601609892,0.12253869620191793
639872,2022-11-29,639872_2022-11-29_130622,17,1.0,False,0.6597250782827973,0.11207083706750626,0.06964041164579791,0.9520623015996216,0.19194908601609892,0.12253869620191793
639872,2022-11-29,639872_2022-11-29_130622,18,1.0,False,0.6597250782827973,0.10426617784063769,0.11153258604592048,0.9044458377127318,0.19194908601609892,0.12253869620191793
639872,2022-11-29,639872_2022-11-29_130622,19,1.0,False,0.6597250782827973,0.09263710138894685,0.13080959432554193,0.8106828325468305,0.19194908601609892,0.12253869620191793
639872,2022-11-29,639872_2022-11-29_130622,20,1.0,False,0.6597250782827973,0.08051927973676319,0.15119838355752355,0.7628180574786156,0.19194908601609892,0.12253869620191793
639872,2022-11-29,639872_2022-11-29_130622,21,1.0,False,0.6597250782827973,0.0683448947953487,0.2449818578709883,0.8794241586955598,0.19194908601609892,0.12253869620191793
639872,2022-11-29,639872_2022-11-29_130622,22,1.0,False,0.6597250782827973,0.05160163549238886,0.1803683275974333,0.8606358098665847,0.19194908601609892,0.12253869620191793
639872,2022-11-29,639872_2022-11-29_130622,23,1.0,False,0.6597250782827973,0.04229433479733311,0.1502299306957444,0.8188427926479832,0.19194908601609892,0.12253869620191793
639872,2022-11-29,639872_2022-11-29_130622,24,1.0,False,0.6597250782827973,0.035940459811906286,0.13191887787142778,0.9006163291301588,0.19194908601609892,0.12253869620191793
639872,2022-11-29,639872_2022-11-29_130622,25,1.0,False,0.6597250782827973,0.031199234683336935,0.16910024382760583,0.9140072196712036,0.19194908601609892,0.12253869620191793
639872,2022-11-29,639872_2022-11-29_130622,26,1.0,False,0.6597250782827973,0.025923436491150184,0.1441168823740063,0.8241532302119198,0.19194908601609892,0.12253869620191793
639872,2022-11-29,639872_2022-11-29_130622,27,1.0,False,0.6597250782827973,0.022187431643625567,0.1485675738408505,0.8602490186230886,0.19194908601609892,0.12253869620191793
639872,2022-11-29,639872_2022-11-29_130622,28,1.0,False,0.6597250782827973,0.01889109875457246,0.13182601096110935,1.0450955616023112,0.19194908601609892,0.12253869620191793
639872,2022-11-29,639872_2022-11-29_130622,29,1.0,False,0.6597250782827973,0.016400760563084465,0.12265463473875096,0.8892193135129395,0.19194908601609892,0.12253869620191793
639872,2022-11-29,639872_2022-11-29_130622,30,1.0,False,0.6597250782827973,0.014389131266781853,0.12985201724022466,0.9624567868977519,0.19194908601609892,0.12253869620191793
639872,2022-11-29,639872_2022-11-29_130622,31,1.0,False,0.6597250782827973,0.012520673545455878,0.14218671724060933,1.1229101431615016,0.19194908601609892,0.12253869620191793
639872,2022-11-29,639872_2022-11-29_130622,32,1.0,False,0.6597250782827973,0.010740400076386327,0.11921103239404332,1.446105942011736,0.19194908601609892,0.12253869620191793
639872,2022-11-29,639872_2022-11-29_130622,33,1.0,False,0.6597250782827973,0.009460025894954826,0.11319399802296978,1.349063665798488,0.19194908601609892,0.12253869620191793
639872,2022-11-29,639872_2022-11-29_130622,34,1.0,False,0.6597250782827973,0.008389207742503959,0.12122112735066673,1.1145868613696357,0.19194908601609892,0.12253869620191793
639872,2022-11-29,639872_2022-11-29_130622,35,1.0,False,0.6597250782827973,0.007372258522378802,0.1058327690718395,1.128877118331713,0.19194908601609892,0.12253869620191793
639872,2022-11-29,639872_2022-11-29_130622,36,1.0,False,0.6597250782827973,0.006592031988642196,0.10772728164166769,1.2573030396842826,0.19194908601609892,0.12253869620191793
639872,2022-11-29,639872_2022-11-29_130622,37,1.0,False,0.6597250782827973,0.0058818903020105605,0.13279775765549576,1.3997613640228344,0.19194908601609892,0.12253869620191793
639872,2022-11-29,639872_2022-11-29_130622,38,1.0,False,0.6597250782827973,0.005100788459128045,0.1371658878934137,1.1789584369790573,0.19194908601609892,0.12253869620191793
639872,2022-11-29,639872_2022-11-29_130622,39,1.0,False,0.6597250782827973,0.004401134281175222,0.15837607115602012,1.2909228240493995,0.19194908601609892,0.12253869620191793
639872,2022-11-29,639872_2022-11-29_130622,40,1.0,False,0.6597250782827973,0.0037040999250927595,0.16606383395275343,1.1924828050794025,0.19194908601609892,0.12253869620191793
639872,2022-11-29,639872_2022-11-29_130622,41,0.0,False,0.6597250782827973,0.003088982890187795,0.13941308789105072,1.2445922326946113,0.19194908601609892,0.12253869620191793
639872,2022-11-29,639872_2022-11-29_130622,42,0.0,False,0.5677507679602075,0.003088982890187795,0.16404669146917092,1.3764505368078856,0.19194908601609892,0.12253869620191793
639872,2022-11-29,639872_2022-11-29_130622,43,0.0,False,0.4746131328972674,0.003088982890187795,0.17797983596029132,1.3346567806660425,0.19194908601609892,0.12253869620191793
639872,2022-11-29,639872_2022-11-29_130622,44,0.0,False,0.39014156535961236,0.003088982890187795,0.1709473715887162,1.7172790360366101,0.19194908601609892,0.12253869620191793
639872,2022-11-29,639872_2022-11-29_130622,45,0.0,True,0.32344789021386816,0.003088982890187795,0.17396152418520217,1.8357606792573655,0.19194908601609892,0.12253869620191793
639872,2022-11-29,639872_2022-11-29_130622,46,0.0,True,0.4411419264229876,0.003088982890187795,0.24446146450944617,1.7741008035151906,0.19194908601609892,0.12253869620191793
639872,2022-11-29,639872_2022-11-29_130622,47,0.0,False,0.5777611895425627,0.003088982890187795,0.3729402012159565,1.8214995609663984,0.19194908601609892,0.12253869620191793
639872,2022-11-29,639872_2022-11-29_130622,48,0.0,False,0.36229081525977525,0.003088982890187795,0.40447255141168414,1.7854301560823866,0.19194908601609892,0.12253869620191793
639872,2022-11-29,639872_2022-11-29_130622,50,0.0,True,0.2157541248586371,0.003088982890187795,0.48045388694050767,2.2631482316454172,0.19194908601609892,0.12253869620191793
639872,2022-11-29,639872_2022-11-29_130622,51,0.0,True,0.5925481038873467,0.003088982890187795,0.31374794303528925,2.1772384789204557,0.19194908601609892,0.12253869620191793
639872,2022-11-29,639872_2022-11-29_130622,52,0.0,False,0.7203852981785164,0.003088982890187795,0.4353731474262981,1.9846654921975326,0.19194908601609892,0.12253869620191793
639872,2022-11-29,639872_2022-11-29_130622,53,0.0,True,0.40674888355090616,0.003088982890187795,0.46070930431141627,1.7984917956478141,0.19194908601609892,0.12253869620191793
639872,2022-11-29,639872_2022-11-29_130622,54,0.0,False,0.6800651926921528,0.003088982890187795,0.6418061579373545,1.4122967276158183,0.19194908601609892,0.12253869620191793
639872,2022-11-29,639872_2022-11-29_130622,55,0.0,False,0.24359516422346864,0.003088982890187795,0.5881951278497574,1.1894328159562477,0.19194908601609892,0.12253869620191793
639872,2022-11-29,639872_2022-11-29_130622,56,0.0,True,0.10031367545946145,0.003088982890187795,0.5511570136405917,1.3307947782503846,0.19194908601609892,0.12253869620191793
639872,2022-11-29,639872_2022-11-29_130622,57,0.0,True,0.5961821033065199,0.003088982890187795,0.5130150640045167,1.5847644425948353,0.19194908601609892,0.12253869620191793
639872,2022-11-29,639872_2022-11-29_130622,58,0.0,False,0.8033467674248813,0.003088982890187795,0.563387841008805,1.702480318273395,0.19194908601609892,0.12253869620191793
639872,2022-11-29,639872_2022-11-29_130622,59,0.0,False,0.3507509665439686,0.003088982890187795,0.4325881899621287,1.7415110281582262,0.19194908601609892,0.12253869620191793
639872,2022-11-29,639872_2022-11-29_130622,60,0.0,True,0.1990202407992555,0.003088982890187795,0.6109995674598576,1.617918573901343,0.19194908601609892,0.12253869620191793
639872,2022-11-29,639872_2022-11-29_130622,61,0.0,True,0.6884185272150252,0.003088982890187795,0.6120748586107502,1.500466623213668,0.19194908601609892,0.12253869620191793
639872,2022-11-29,639872_2022-11-29_130622,62,0.0,True,0.8791297131156167,0.003088982890187795,0.7769310010169511,1.5525856540039487,0.19194908601609892,0.12253869620191793
639872,2022-11-29,639872_2022-11-29_130622,63,1.0,False,0.9730375860979154,0.003088982890187795,0.8105062320444727,1.5545477245582515,0.19194908601609892,0.12253869620191793
639872,2022-11-29,639872_2022-11-29_130622,64,0.0,True,0.9730375860979154,0.0005853430070118436,0.8387240908665329,1.353874291771313,0.19194908601609892,0.12253869620191793
639872,2022-11-29,639872_2022-11-29_130622,65,1.0,True,0.9956516121855341,0.0005853430070118436,0.6612207617949428,1.444133355011211,0.19194908601609892,0.12253869620191793
639872,2022-11-29,639872_2022-11-29_130622,66,0.0,False,0.9956516121855341,0.6614190638529401,0.7874847803528987,1.203723234915245,0.19194908601609892,0.12253869620191793
639872,2022-11-29,639872_2022-11-29_130622,67,1.0,True,0.21159112105559658,0.6614190638529401,0.6942212568364442,1.4483654734117573,0.19194908601609892,0.12253869620191793
639872,2022-11-29,639872_2022-11-29_130622,68,1.0,False,0.21159112105559658,0.8964691468858346,0.7721285483635344,1.2278318782319002,0.19194908601609892,0.12253869620191793
639872,2022-11-29,639872_2022-11-29_130622,69,1.0,True,0.21159112105559658,0.20427972584817508,0.7871523629890999,1.5675485035611387,0.19194908601609892,0.12253869620191793
639872,2022-11-29,639872_2022-11-29_130622,70,1.0,True,0.21159112105559658,0.8306328199251035,0.6598744436874,1.4200286156156532,0.19194908601609892,0.12253869620191793
639872,2022-11-29,639872_2022-11-29_130622,71,1.0,True,0.21159112105559658,0.9423938936559092,0.534355032318401,1.6059992156263334,0.19194908601609892,0.12253869620191793
639872,2022-11-29,639872_2022-11-29_130622,72,1.0,False,0.21159112105559658,0.9731760064731426,0.4623616514681717,1.7129567897087283,0.19194908601609892,0.12253869620191793
639872,2022-11-29,639872_2022-11-29_130622,73,1.0,True,0.21159112105559658,0.5232167409510288,0.37095747734383927,1.7732195958500168,0.19194908601609892,0.12253869620191793
639872,2022-11-29,639872_2022-11-29_130622,74,1.0,True,0.21159112105559658,0.700083055967615,0.35472017807802814,1.8272369330188636,0.19194908601609892,0.12253869620191793
639872,2022-11-29,639872_2022-11-29_130622,75,1.0,True,0.21159112105559658,0.8064696477633835,0.33092303221115366,1.880893925797516,0.19194908601609892,0.12253869620191793
639872,2022-11-29,639872_2022-11-29_130622,76,1.0,True,0.21159112105559658,0.8705132987504371,0.3288667382066864,1.8697798139856052,0.19194908601609892,0.12253869620191793
639872,2022-11-29,639872_2022-11-29_130622,77,1.0,False,0.21159112105559658,0.9130971678315067,0.23404972308972166,2.1525128214823828,0.19194908601609892,0.12253869620191793
639872,2022-11-29,639872_2022-11-29_130622,78,1.0,True,0.21159112105559658,0.699387028546542,0.20742027017718706,2.5607644064374147,0.19194908601609892,0.12253869620191793
639872,2022-11-29,639872_2022-11-29_130622,79,1.0,True,0.21159112105559658,0.7617402523042013,0.1915419938513452,2.699387507751989,0.19194908601609892,0.12253869620191793
639872,2022-11-29,639872_2022-11-29_130622,80,1.0,False,0.21159112105559658,0.8073769994323481,0.2120897618031001,2.796782893772886,0.19194908601609892,0.12253869620191793
639872,2022-11-29,639872_2022-11-29_130622,81,1.0,False,0.21159112105559658,0.6360437662917054,0.24590104772699647,2.3616347975143093,0.19194908601609892,0.12253869620191793
639872,2022-11-29,639872_2022-11-29_130622,82,1.0,False,0.21159112105559658,0.48048328162311466,0.23188837123200023,2.9904115343120035,0.19194908601609892,0.12253869620191793
639872,2022-11-29,639872_2022-11-29_130622,83,0.0,True,0.21159112105559658,0.3699627216667351,0.28706155394800353,3.2551704044779677,0.19194908601609892,0.12253869620191793
639872,2022-11-29,639872_2022-11-29_130622,84,1.0,False,0.4379129989917867,0.3699627216667351,0.2940693041334964,3.3801974106842523,0.19194908601609892,0.12253869620191793
639872,2022-11-29,639872_2022-11-29_130622,85,1.0,True,0.4379129989917867,0.26369678062392793,0.322817262476855,3.513819778597886,0.19194908601609892,0.12253869620191793
639872,2022-11-29,639872_2022-11-29_130622,86,1.0,True,0.4379129989917867,0.5061313426951799,0.3230668959274551,3.8513206971559617,0.19194908601609892,0.12253869620191793
639872,2022-11-29,639872_2022-11-29_130622,87,1.0,True,0.4379129989917867,0.6638159018081657,0.33377486995424727,5.083969544806275,0.19194908601609892,0.12253869620191793
639872,2022-11-29,639872_2022-11-29_130622,88,1.0,False,0.4379129989917867,0.7691235662684405,0.27815356418549025,4.819787264126594,0.19194908601609892,0.12253869620191793
639872,2022-11-29,639872_2022-11-29_130622,89,1.0,True,0.4379129989917867,0.5493388038651414,0.24258260305047663,5.5368115964730675,0.19194908601609892,0.12253869620191793
639872,2022-11-29,639872_2022-11-29_130622,90,1.0,True,0.4379129989917867,0.6576077160316544,0.17400748281673126,6.3636956716402295,0.19194908601609892,0.12253869620191793
639872,2022-11-29,639872_2022-11-29_130622,91,1.0,True,0.4379129989917867,0.7159567017837546,0.16625686214012936,6.764562654388157,0.19194908601609892,0.12253869620191793
639872,2022-11-29,639872_2022-11-29_130622,92,1.0,False,0.4379129989917867,0.7617185141589986,0.15607195225440748,7.375734093762488,0.19194908601609892,0.12253869620191793
639872,2022-11-29,639872_2022-11-29_130622,93,1.0,True,0.4379129989917867,0.6420255220070253,0.11268446840527205,7.170218375892701,0.19194908601609892,0.12253869620191793
639872,2022-11-29,639872_2022-11-29_130622,94,1.0,False,0.4379129989917867,0.6822181668373475,0.1091408792388316,8.126177487466208,0.19194908601609892,0.12253869620191793
639872,2022-11-29,639872_2022-11-29_130622,95,1.0,True,0.4379129989917867,0.6075733071821913,0.09955033978865879,9.9766308619404,0.19194908601609892,0.12253869620191793
639872,2022-11-29,639872_2022-11-29_130622,96,1.0,False,0.4379129989917867,0.6464902765545182,0.09342527864237722,9.924792726660511,0.19194908601609892,0.12253869620191793
639872,2022-11-29,639872_2022-11-29_130622,97,1.0,False,0.4379129989917867,0.5859299349205677,0.09458499736854899,10.318335462555192,0.19194908601609892,0.12253869620191793
639872,2022-11-29,639872_2022-11-29_130622,98,1.0,False,0.4379129989917867,0.53043278327817,0.0758239976479894,10.861897792646218,0.19194908601609892,0.12253869620191793
639872,2022-11-29,639872_2022-11-29_130622,99,1.0,True,0.4379129989917867,0.49028203064736964,0.08669511133487968,11.222080100284472,0.19194908601609892,0.12253869620191793
639872,2022-11-29,639872_2022-11-29_130622,100,1.0,False,0.4379129989917867,0.5344728012886067,0.09195280759575608,12.07896691209932,0.19194908601609892,0.12253869620191793
639872,2022-11-29,639872_2022-11-29_130622,101,1.0,True,0.4379129989917867,0.4853957220451291,0.10469766949513322,11.075053455342182,0.19194908601609892,0.12253869620191793
639872,2022-11-29,639872_2022-11-29_130622,102,1.0,False,0.4379129989917867,0.5392408031839182,0.1456821218166276,10.859754785917104,0.19194908601609892,0.12253869620191793
639872,2022-11-29,639872_2022-11-29_130622,103,1.0,False,0.4379129989917867,0.46055830220941996,0.13029554513405162,11.596331765776942,0.19194908601609892,0.12253869620191793
639872,2022-11-29,639872_2022-11-29_130622,104,1.0,True,0.4379129989917867,0.40060073238212734,0.11130043754628942,11.976524246851554,0.19194908601609892,0.12253869620191793
639872,2022-11-29,639872_2022-11-29_130622,105,1.0,True,0.4379129989917867,0.46761909438359417,0.14208787024534125,10.228473777956681,0.19194908601609892,0.12253869620191793
639872,2022-11-29,639872_2022-11-29_130622,106,1.0,True,0.4379129989917867,0.5425758466907479,0.177587483079517,10.965534856306416,0.19194908601609892,0.12253869620191793
639872,2022-11-29,639872_2022-11-29_130622,107,1.0,True,0.4379129989917867,0.6229868901260138,0.17098556581156082,11.513522216623542,0.19194908601609892,0.12253869620191793
639872,2022-11-29,639872_2022-11-29_130622,108,1.0,True,0.4379129989917867,0.684889716342446,0.17972555331556425,11.05793629403734,0.19194908601609892,0.12253869620191793
639872,2022-11-29,639872_2022-11-29_130622,110,1.0,True,0.4379129989917867,0.7400260095522435,0.1642063165737146,9.429565367536211,0.19194908601609892,0.12253869620191793
639872,2022-11-29,639872_2022-11-29_130622,111,1.0,False,0.4379129989917867,0.7811925200021227,0.1328239465913194,9.128065329843931,0.19194908601609892,0.12253869620191793
639872,2022-11-29,639872_2022-11-29_130622,112,1.0,False,0.4379129989917867,0.6759616429638524,0.11194788447022999,7.552786895952687,0.19194908601609892,0.12253869620191793
639872,2022-11-29,639872_2022-11-29_130622,113,1.0,False,0.4379129989917867,0.5998520984211723,0.1713138694592204,8.363170929110668,0.19194908601609892,0.12253869620191793
639872,2022-11-29,639872_2022-11-29_130622,114,1.0,True,0.4379129989917867,0.49714220791163666,0.16808395600598525,7.774405144206574,0.19194908601609892,0.12253869620191793
639872,2022-11-29,639872_2022-11-29_130622,116,1.0,True,0.4379129989917867,0.5819297435678741,0.15913209663970448,6.728481062717787,0.19194908601609892,0.12253869620191793
639872,2022-11-29,639872_2022-11-29_130622,117,1.0,False,0.4379129989917867,0.648317067342586,0.16544063878631302,6.422455356848338,0.19194908601609892,0.12253869620191793
639872,2022-11-29,639872_2022-11-29_130622,118,1.0,False,0.4379129989917867,0.5401820605205959,0.19551502539038768,6.8447626320313395,0.19194908601609892,0.12253869620191793
639872,2022-11-29,639872_2022-11-29_130622,119,1.0,True,0.4379129989917867,0.4349035675399976,0.18824544341839744,6.465899202371812,0.19194908601609892,0.12253869620191793
639872,2022-11-29,639872_2022-11-29_130622,120,1.0,True,0.4379129989917867,0.5433413843471573,0.1936598894198215,6.895724740030395,0.19194908601609892,0.12253869620191793
639872,2022-11-29,639872_2022-11-29_130622,121,1.0,False,0.4379129989917867,0.6313982955473563,0.24505465081748964,6.656401722791878,0.19194908601609892,0.12253869620191793
639872,2022-11-29,639872_2022-11-29_130622,122,0.0,False,0.4379129989917867,0.47333333053517285,0.25009690695293396,5.348551047801955,0.19194908601609892,0.12253869620191793
639872,2022-11-29,639872_2022-11-29_130622,123,0.0,False,0.33091970276051724,0.47333333053517285,0.25824329953384006,5.067542767496117,0.19194908601609892,0.12253869620191793
639872,2022-11-29,639872_2022-11-29_130622,124,1.0,True,0.24646875808885882,0.47333333053517285,0.29812606559971233,4.256075087745291,0.19194908601609892,0.12253869620191793
639872,2022-11-29,639872_2022-11-29_130622,125,0.0,False,0.24646875808885882,0.6302957619347294,0.4098658733284056,4.648354495260515,0.19194908601609892,0.12253869620191793
639872,2022-11-29,639872_2022-11-29_130622,126,0.0,False,0.1452068355210696,0.6302957619347294,0.42810963109049566,4.146580032521506,0.19194908601609892,0.12253869620191793
639872,2022-11-29,639872_2022-11-29_130622,127,1.0,False,0.08286758976598511,0.6302957619347294,0.5057414320213101,5.666045627377477,0.19194908601609892,0.12253869620191793
639872,2022-11-29,639872_2022-11-29_130622,128,1.0,False,0.08286758976598511,0.3116368303395188,0.5846023187626516,6.193830509972988,0.19194908601609892,0.12253869620191793
639872,2022-11-29,639872_2022-11-29_130622,129,0.0,False,0.08286758976598511,0.12833912885047508,0.6105928592277619,7.649441456474141,0.19194908601609892,0.12253869620191793
639872,2022-11-29,639872_2022-11-29_130622,130,0.0,True,0.03151187322668852,0.12833912885047508,0.7375160385335505,7.822318940380214,0.19194908601609892,0.12253869620191793
639872,2022-11-29,639872_2022-11-29_130622,131,0.0,True,0.7456326644509104,0.12833912885047508,0.7241854509931789,8.879802878890743,0.19194908601609892,0.12253869620191793
639872,2022-11-29,639872_2022-11-29_130622,132,0.0,False,0.9241804530052034,0.12833912885047508,0.5759046776041458,10.036418007519362,0.19194908601609892,0.12253869620191793
639872,2022-11-29,639872_2022-11-29_130622,133,0.0,True,0.3916324036979688,0.12833912885047508,0.5709607701210583,9.135293229484011,0.19194908601609892,0.12253869620191793
639872,2022-11-29,639872_2022-11-29_130622,134,0.0,True,0.7381964298728038,0.12833912885047508,0.44055547770593245,7.839823928338526,0.19194908601609892,0.12253869620191793
639872,2022-11-29,639872_2022-11-29_130622,135,0.0,False,0.8500781456981076,0.12833912885047508,0.3179306051438872,8.808419706287694,0.19194908601609892,0.12253869620191793
639872,2022-11-29,639872_2022-11-29_130622,136,0.0,False,0.5782818209946404,0.12833912885047508,0.2835335383310674,9.814150779279933,0.19194908601609892,0.12253869620191793
639872,2022-11-29,639872_2022-11-29_130622,137,0.0,False,0.41440406444909605,0.12833912885047508,0.38073608941907544,10.633774081734359,0.19194908601609892,0.12253869620191793
639872,2022-11-29,639872_2022-11-29_130622,138,0.0,True,0.25647004850875943,0.12833912885047508,0.35097590455842964,10.097803853214716,0.19194908601609892,0.12253869620191793
639872,2022-11-29,639872_2022-11-29_130622,139,0.0,True,0.5173647819298579,0.12833912885047508,0.275643594833958,10.682562103255364,0.19194908601609892,0.12253869620191793
639872,2022-11-29,639872_2022-11-29_130622,140,0.0,False,0.6496418556031629,0.12833912885047508,0.2809068795723308,12.069890243856234,0.19194908601609892,0.12253869620191793
639872,2022-11-29,639872_2022-11-29_130622,141,0.0,False,0.46604703111291224,0.12833912885047508,0.25954677700041995,12.803810957368958,0.19194908601609892,0.12253869620191793
639872,2022-11-29,639872_2022-11-29_130622,142,0.0,False,0.3449465911822907,0.12833912885047508,0.21242232911118406,14.220808591778916,0.19194908601609892,0.12253869620191793
639872,2022-11-29,639872_2022-11-29_130622,143,0.0,False,0.2718871589556616,0.12833912885047508,0.19760037873077166,15.179722393327179,0.19194908601609892,0.12253869620191793
639872,2022-11-29,639872_2022-11-29_130622,144,0.0,False,0.21817558800243797,0.12833912885047508,0.17022311320032607,14.204518326836943,0.19194908601609892,0.12253869620191793
639872,2022-11-29,639872_2022-11-29_130622,145,0.0,True,0.18091588609193093,0.12833912885047508,0.13348733689641376,13.59447945967102,0.19194908601609892,0.12253869620191793
639872,2022-11-29,639872_2022-11-29_130622,146,0.0,True,0.29009839181828206,0.12833912885047508,0.09967427434936484,13.58011339741448,0.19194908601609892,0.12253869620191793
639872,2022-11-29,639872_2022-11-29_130622,147,0.0,True,0.36037924496675383,0.12833912885047508,0.10136869990159782,14.536787831199254,0.19194908601609892,0.12253869620191793
639872,2022-11-29,639872_2022-11-29_130622,148,0.0,False,0.42500464401995125,0.12833912885047508,0.08874252233559549,15.671745673200503,0.19194908601609892,0.12253869620191793
639872,2022-11-29,639872_2022-11-29_130622,149,0.0,False,0.3863916238286269,0.12833912885047508,0.08324801003823255,16.20541707664344,0.19194908601609892,0.12253869620191793
639872,2022-11-29,639872_2022-11-29_130622,150,0.0,True,0.3535592444470229,0.12833912885047508,0.07241346375534441,16.126929733763998,0.19194908601609892,0.12253869620191793
639872,2022-11-29,639872_2022-11-29_130622,151,0.0,False,0.4002243394261342,0.12833912885047508,0.062460491200595214,13.747367836541658,0.19194908601609892,0.12253869620191793
639872,2022-11-29,639872_2022-11-29_130622,152,0.0,True,0.37407521159926327,0.12833912885047508,0.06762361359270647,13.804220910757005,0.19194908601609892,0.12253869620191793
639872,2022-11-29,639872_2022-11-29_130622,153,0.0,False,0.4160107245130889,0.12833912885047508,0.07974680539776462,13.401091999070427,0.19194908601609892,0.12253869620191793
639872,2022-11-29,639872_2022-11-29_130622,154,0.0,False,0.3806775616826574,0.12833912885047508,0.08320617855184434,14.869597592837,0.19194908601609892,0.12253869620191793
639872,2022-11-29,639872_2022-11-29_130622,155,0.0,False,0.34880480685788834,0.12833912885047508,0.08777780202481313,13.394940346700086,0.19194908601609892,0.12253869620191793
639872,2022-11-29,639872_2022-11-29_130622,156,0.0,False,0.31865190737856613,0.12833912885047508,0.081692869928825,13.721913064963898,0.19194908601609892,0.12253869620191793
639872,2022-11-29,639872_2022-11-29_130622,157,0.0,True,0.29414402145366153,0.12833912885047508,0.08103547311978172,11.650586858137773,0.19194908601609892,0.12253869620191793
639872,2022-11-29,639872_2022-11-29_130622,158,0.0,False,0.3541312191815332,0.12833912885047508,0.08317208953980881,10.09664308664445,0.19194908601609892,0.12253869620191793
639872,2022-11-29,639872_2022-11-29_130622,159,0.0,True,0.3236157598038178,0.12833912885047508,0.07044449649979798,9.824508366271298,0.19194908601609892,0.12253869620191793
639872,2022-11-29,639872_2022-11-29_130622,160,0.0,False,0.37185188878374703,0.12833912885047508,0.08826367213974762,10.674574489105622,0.19194908601609892,0.12253869620191793
639872,2022-11-29,639872_2022-11-29_130622,161,1.0,False,0.3373600323087342,0.12833912885047508,0.08044714098232997,9.097867541484707,0.19194908601609892,0.12253869620191793
639872,2022-11-29,639872_2022-11-29_130622,162,0.0,True,0.3373600323087342,0.11739513435072708,0.08827532861251408,8.716649905738352,0.19194908601609892,0.12253869620191793
639872,2022-11-29,639872_2022-11-29_130622,163,0.0,False,0.3960990994276824,0.11739513435072708,0.10915322007571747,9.12327583875161,0.19194908601609892,0.12253869620191793
639872,2022-11-29,639872_2022-11-29_130622,164,0.0,True,0.34645696080807137,0.11739513435072708,0.12176561136734192,8.363344074577544,0.19194908601609892,0.12253869620191793
639872,2022-11-29,639872_2022-11-29_130622,165,0.0,False,0.4261549362885358,0.11739513435072708,0.09990421214515853,8.919793326489133,0.19194908601609892,0.12253869620191793
639872,2022-11-29,639872_2022-11-29_130622,166,0.0,False,0.37908648449898846,0.11739513435072708,0.09167930925660366,8.959921205954489,0.19194908601609892,0.12253869620191793
639872,2022-11-29,639872_2022-11-29_130622,167,1.0,False,0.3425313636935795,0.11739513435072708,0.08410755629295183,8.782358524611567,0.19194908601609892,0.12253869620191793
639872,2022-11-29,639872_2022-11-29_130622,168,0.0,False,0.3425313636935795,0.10766567803776875,0.07695448070393617,10.179179967360307,0.19194908601609892,0.12253869620191793
639872,2022-11-29,639872_2022-11-29_130622,169,1.0,False,0.3156092457513267,0.10766567803776875,0.07615526938696714,11.271203129022327,0.19194908601609892,0.12253869620191793
639872,2022-11-29,639872_2022-11-29_130622,170,0.0,False,0.3156092457513267,0.09964027111413039,0.10072135607385212,13.218793884455852,0.19194908601609892,0.12253869620191793
639872,2022-11-29,639872_2022-11-29_130622,171,0.0,False,0.28380628205775,0.09964027111413039,0.07709596897470154,12.883220996801072,0.19194908601609892,0.12253869620191793
639872,2022-11-29,639872_2022-11-29_130622,172,0.0,False,0.26192766314299876,0.09964027111413039,0.060869845389317126,12.954958473865261,0.19194908601609892,0.12253869620191793
639872,2022-11-29,639872_2022-11-29_130622,173,0.0,False,0.2459963927932721,0.09964027111413039,0.06446222816288487,13.57551697121537,0.19194908601609892,0.12253869620191793
639872,2022-11-29,639872_2022-11-29_130622,174,0.0,True,0.2301667881208012,0.09964027111413039,0.05774629562833977,15.236523677846458,0.19194908601609892,0.12253869620191793
639872,2022-11-29,639872_2022-11-29_130622,175,0.0,True,0.27467409171785706,0.09964027111413039,0.06430667234007738,14.733455745801422,0.19194908601609892,0.12253869620191793
639872,2022-11-29,639872_2022-11-29_130622,176,0.0,False,0.32129528787679457,0.09964027111413039,0.06468499325632035,14.62832866402113,0.19194908601609892,0.12253869620191793
639872,2022-11-29,639872_2022-11-29_130622,177,0.0,False,0.3004029622066833,0.09964027111413039,0.06114056023909806,13.52912983247866,0.19194908601609892,0.12253869620191793
639872,2022-11-29,639872_2022-11-29_130622,178,0.0,False,0.28194814955176084,0.09964027111413039,0.050991516519950264,16.063823333830133,0.19194908601609892,0.12253869620191793
639872,2022-11-29,639872_2022-11-29_130622,179,0.0,True,0.26771584743041804,0.09964027111413039,0.059868998695915686,15.379627078129813,0.19194908601609892,0.12253869620191793
639872,2022-11-29,639872_2022-11-29_130622,180,0.0,False,0.31191109298544517,0.09964027111413039,0.05691362430488745,13.80596586492229,0.19194908601609892,0.12253869620191793
639872,2022-11-29,639872_2022-11-29_130622,181,0.0,False,0.2938747610897613,0.09964027111413039,0.0544548017524852,16.143264379375065,0.19194908601609892,0.12253869620191793
639872,2022-11-29,639872_2022-11-29_130622,182,0.0,False,0.2780236055797635,0.09964027111413039,0.05890932764586185,14.869309524073756,0.19194908601609892,0.12253869620191793
639872,2022-11-29,639872_2022-11-29_130622,183,0.0,False,0.2625040550846094,0.09964027111413039,0.05401241704941578,15.983951188323294,0.19194908601609892,0.12253869620191793
639872,2022-11-29,639872_2022-11-29_130622,184,0.0,False,0.24958787003271102,0.09964027111413039,0.05913992537484326,13.223346792367456,0.19194908601609892,0.12253869620191793
639872,2022-11-29,639872_2022-11-29_130622,185,1.0,False,0.2368977436303679,0.09964027111413039,0.06397442066523552,14.276930966442471,0.19194908601609892,0.12253869620191793
639872,2022-11-29,639872_2022-11-29_130622,186,0.0,True,0.2368977436303679,0.09388483925776987,0.06494173765234208,14.273230496002153,0.19194908601609892,0.12253869620191793
639872,2022-11-29,639872_2022-11-29_130622,187,0.0,True,0.2892719155372917,0.09388483925776987,0.06243099085039995,16.546376808100867,0.19194908601609892,0.12253869620191793
639872,2022-11-29,639872_2022-11-29_130622,188,0.0,False,0.33334059080454614,0.09388483925776987,0.06078730899965491,15.53316430163213,0.19194908601609892,0.12253869620191793
639872,2022-11-29,639872_2022-11-29_130622,189,0.0,False,0.31160998838091797,0.09388483925776987,0.04958096343384899,16.053452825621317,0.19194908601609892,0.12253869620191793
639872,2022-11-29,639872_2022-11-29_130622,190,0.0,False,0.29554301118692156,0.09388483925776987,0.046938814204466,16.437171519753125,0.19194908601609892,0.12253869620191793
639872,2022-11-29,639872_2022-11-29_130622,191,0.0,False,0.2814696213852827,0.09388483925776987,0.03968412580310183,16.980392982641693,0.19194908601609892,0.12253869620191793
639872,2022-11-29,639872_2022-11-29_130622,192,0.0,False,0.27039847234531755,0.09388483925776987,0.061086491185141936,19.5208537627227,0.19194908601609892,0.12253869620191793
639872,2022-11-29,639872_2022-11-29_130622,193,0.0,True,0.25407787042765906,0.09388483925776987,0.07482632155083117,19.6236421979804,0.19194908601609892,0.12253869620191793
639872,2022-11-29,639872_2022-11-29_130622,194,0.0,True,0.3101614914054299,0.09388483925776987,0.07494469236443761,19.346148161060835,0.19194908601609892,0.12253869620191793
639872,2022-11-29,639872_2022-11-29_130622,195,1.0,False,0.36184410437880093,0.09388483925776987,0.08933834530255759,17.399861697972042,0.19194908601609892,0.12253869620191793
639872,2022-11-29,639872_2022-11-29_130622,196,0.0,False,0.36184410437880093,0.08600656298593551,0.06828036582840677,18.235840111047903,0.19194908601609892,0.12253869620191793
639872,2022-11-29,639872_2022-11-29_130622,197,0.0,False,0.33666339972690584,0.08600656298593551,0.052658976565549624,20.383814441635938,0.19194908601609892,0.12253869620191793
639872,2022-11-29,639872_2022-11-29_130622,198,0.0,True,0.3189210335570014,0.08600656298593551,0.0470762732177591,18.60323355519836,0.19194908601609892,0.12253869620191793
639872,2022-11-29,639872_2022-11-29_130622,199,0.0,True,0.35097111388115765,0.08600656298593551,0.04798525721865128,15.967029975201095,0.19194908601609892,0.12253869620191793
639872,2022-11-29,639872_2022-11-29_130622,200,0.0,True,0.38210540670327076,0.08600656298593551,0.04241033056087762,14.652615643833677,0.19194908601609892,0.12253869620191793
639872,2022-11-29,639872_2022-11-29_130622,201,0.0,False,0.408290289064376,0.08600656298593551,0.04276360134451524,15.467511297292809,0.19194908601609892,0.12253869620191793
639872,2022-11-29,639872_2022-11-29_130622,202,0.0,False,0.3907650924944667,0.08600656298593551,0.038230553683087434,14.473210909490442,0.19194908601609892,0.12253869620191793
639872,2022-11-29,639872_2022-11-29_130622,203,0.0,False,0.3757667127567246,0.08600656298593551,0.03640084559232765,15.491197058530336,0.19194908601609892,0.12253869620191793
639872,2022-11-29,639872_2022-11-29_130622,204,0.0,False,0.3620906167489411,0.08600656298593551,0.035485241864779665,12.791012519178674,0.19194908601609892,0.12253869620191793
639872,2022-11-29,639872_2022-11-29_130622,205,0.0,False,0.349262562829596,0.08600656298593551,0.0362600513296785,10.860100445392048,0.19194908601609892,0.12253869620191793
639872,2022-11-29,639872_2022-11-29_130622,206,0.0,False,0.33666808987691443,0.08600656298593551,0.02965875903996606,13.741470866287496,0.19194908601609892,0.12253869620191793
639872,2022-11-29,639872_2022-11-29_130622,207,0.0,False,0.3267996418099419,0.08600656298593551,0.033633443911005395,16.326607803510818,0.19194908601609892,0.12253869620191793
639872,2022-11-29,639872_2022-11-29_130622,209,1.0,False,0.3159557508382312,0.08600656298593551,0.030588181540857434,15.24398310035896,0.19194908601609892,0.12253869620191793
639872,2022-11-29,639872_2022-11-29_130622,210,0.0,False,0.3159557508382312,0.0835485368219675,0.029212781344212787,15.119092092624312,0.19194908601609892,0.12253869620191793
639872,2022-11-29,639872_2022-11-29_130622,211,0.0,False,0.3069378104306159,0.0835485368219675,0.027464407879480422,17.739299152831332,0.19194908601609892,0.12253869620191793
639872,2022-11-29,639872_2022-11-29_130622,212,0.0,False,0.2986202192313928,0.0835485368219675,0.02594504978991768,18.46506182165051,0.19194908601609892,0.12253869620191793
639872,2022-11-29,639872_2022-11-29_130622,213,0.0,False,0.2910128083388176,0.0835485368219675,0.025603192388598317,20.011738424791222,0.19194908601609892,0.12253869620191793
639872,2022-11-29,639872_2022-11-29_130622,214,0.0,False,0.28371335268344805,0.0835485368219675,0.030633675957818008,20.740558287669984,0.19194908601609892,0.12253869620191793
639872,2022-11-29,639872_2022-11-29_130622,215,0.0,False,0.2752623944039339,0.0835485368219675,0.037188577952421024,20.172645072448915,0.19194908601609892,0.12253869620191793
639872,2022-11-29,639872_2022-11-29_130622,216,0.0,False,0.2651356816616114,0.0835485368219675,0.041737817005543625,19.753336872089847,0.19194908601609892,0.12253869620191793
639872,2022-11-29,639872_2022-11-29_130622,217,0.0,False,0.25418027438921204,0.0835485368219675,0.04248262635415594,19.928253166706533,0.19194908601609892,0.12253869620191793
639872,2022-11-29,639872_2022-11-29_130622,218,0.0,False,0.24369049629586217,0.0835485368219675,0.056760275239515885,20.606676714079846,0.19194908601609892,0.12253869620191793
639872,2022-11-29,639872_2022-11-29_130622,219,0.0,False,0.23026097359311112,0.0835485368219675,0.06356956813505034,22.742957048803795,0.19194908601609892,0.12253869620191793
639872,2022-11-29,639872_2022-11-29_130622,220,0.0,False,0.21606017875773623,0.0835485368219675,0.06559878690452135,24.099194337745587,0.19194908601609892,0.12253869620191793
639872,2022-11-29,639872_2022-11-29_130622,221,0.0,False,0.20224670167207845,0.0835485368219675,0.07752492407393395,24.12342331816612,0.19194908601609892,0.12253869620191793
639872,2022-11-29,639872_2022-11-29_130622,222,0.0,False,0.18667966878955786,0.0835485368219675,0.07863961598960262,20.968063228951532,0.19194908601609892,0.12253869620191793
639872,2022-11-29,639872_2022-11-29_130622,223,0.0,False,0.1725096472602406,0.0835485368219675,0.09794239498549871,19.56313869135135,0.19194908601609892,0.12253869620191793
639872,2022-11-29,639872_2022-11-29_130622,224,0.0,False,0.15578861808125372,0.0835485368219675,0.11732683832884482,20.225694161974204,0.19194908601609892,0.12253869620191793
639872,2022-11-29,639872_2022-11-29_130622,225,0.0,False,0.1376873343807845,0.0835485368219675,0.12036208106610612,19.18584746719675,0.19194908601609892,0.12253869620191793
639872,2022-11-29,639872_2022-11-29_130622,226,0.0,False,0.12119641706527634,0.0835485368219675,0.11758682933732326,18.245560891368026,0.19194908601609892,0.12253869620191793
639872,2022-11-29,639872_2022-11-29_130622,227,0.0,False,0.10647222811796969,0.0835485368219675,0.12356457439503629,17.369462929701054,0.19194908601609892,0.12253869620191793
639872,2022-11-29,639872_2022-11-29_130622,228,0.0,False,0.0929482289134199,0.0835485368219675,0.16689621673608185,19.134396052438337,0.19194908601609892,0.12253869620191793
639872,2022-11-29,639872_2022-11-29_130622,229,1.0,False,0.07683653533729949,0.0835485368219675,0.1859740754308276,16.32455407263044,0.19194908601609892,0.12253869620191793
639872,2022-11-29,639872_2022-11-29_130622,230,1.0,False,0.07683653533729949,0.06714604117377745,0.1771739489185357,16.30094718609983,0.19194908601609892,0.12253869620191793
639872,2022-11-29,639872_2022-11-29_130622,231,1.0,False,0.07683653533729949,0.05470532327131194,0.13129238297914458,16.228766183124684,0.19194908601609892,0.12253869620191793
639872,2022-11-29,639872_2022-11-29_130622,232,1.0,False,0.07683653533729949,0.04734916416845325,0.1382394035503243,15.437193483111562,0.19194908601609892,0.12253869620191793
639872,2022-11-29,639872_2022-11-29_130622,233,1.0,True,0.07683653533729949,0.04069097652697747,0.15263997634213233,16.07538456769281,0.19194908601609892,0.12253869620191793
639872,2022-11-29,639872_2022-11-29_130622,234,1.0,True,0.07683653533729949,0.18709192968245267,0.1345206805183998,19.50287034199796,0.19194908601609892,0.12253869620191793
639872,2022-11-29,639872_2022-11-29_130622,235,1.0,False,0.07683653533729949,0.2944209297530404,0.13693157738577383,17.06156011034071,0.19194908601609892,0.12253869620191793
639872,2022-11-29,639872_2022-11-29_130622,236,1.0,True,0.07683653533729949,0.25193559545623306,0.12876475472432142,18.858979205120445,0.19194908601609892,0.12253869620191793
639872,2022-11-29,639872_2022-11-29_130622,237,1.0,False,0.07683653533729949,0.347362163088278,0.16549323448059697,17.058405549089787,0.19194908601609892,0.12253869620191793
639872,2022-11-29,639872_2022-11-29_130622,238,1.0,True,0.07683653533729949,0.2878791283846405,0.13034177406818082,15.904003321217377,0.19194908601609892,0.12253869620191793
639872,2022-11-29,639872_2022-11-29_130622,239,1.0,False,0.07683653533729949,0.3795071626143201,0.12752926627709324,17.690478999348414,0.19194908601609892,0.12253869620191793
639872,2022-11-29,639872_2022-11-29_130622,240,1.0,True,0.07683653533729949,0.32978795441664616,0.1735954921742216,17.04444517657137,0.19194908601609892,0.12253869620191793
639872,2022-11-29,639872_2022-11-29_130622,241,1.0,True,0.07683653533729949,0.44393626649521717,0.20055579176491298,15.322593216002618,0.19194908601609892,0.12253869620191793
639872,2022-11-29,639872_2022-11-29_130622,242,1.0,True,0.07683653533729949,0.5510214395622767,0.24702014635461936,15.690598474355005,0.19194908601609892,0.12253869620191793
639872,2022-11-29,639872_2022-11-29_130622,243,1.0,False,0.07683653533729949,0.6537962522926766,0.21840367934363916,13.710771654545068,0.19194908601609892,0.12253869620191793
639872,2022-11-29,639872_2022-11-29_130622,244,1.0,False,0.07683653533729949,0.5037634365936985,0.17964428030490073,14.078601004957331,0.19194908601609892,0.12253869620191793
639872,2022-11-29,639872_2022-11-29_130622,246,1.0,False,0.07683653533729949,0.4105898268789509,0.13741105274505774,13.866612604988424,0.19194908601609892,0.12253869620191793
639872,2022-11-29,639872_2022-11-29_130622,247,1.0,False,0.07683653533729949,0.3541323492355622,0.12033133520207798,14.42810504076838,0.19194908601609892,0.12253869620191793
639872,2022-11-29,639872_2022-11-29_130622,248,1.0,True,0.07683653533729949,0.3113120225725138,0.11233704928677678,14.510911652942026,0.19194908601609892,0.12253869620191793
639872,2022-11-29,639872_2022-11-29_130622,249,1.0,False,0.07683653533729949,0.38828652426502586,0.10679453495803135,16.74675622477971,0.19194908601609892,0.12253869620191793
639872,2022-11-29,639872_2022-11-29_130622,250,1.0,True,0.07683653533729949,0.34662175984055404,0.10611022164869134,17.69457659006252,0.19194908601609892,0.12253869620191793
639872,2022-11-29,639872_2022-11-29_130622,251,1.0,True,0.07683653533729949,0.4162782655079675,0.07965166435768543,19.56858334528991,0.19194908601609892,0.12253869620191793
639872,2022-11-29,639872_2022-11-29_130622,252,1.0,False,0.07683653533729949,0.4629436702320041,0.07205917285702229,23.86450720627178,0.19194908601609892,0.12253869620191793
639872,2022-11-29,639872_2022-11-29_130622,253,1.0,True,0.07683653533729949,0.4295237750622404,0.0699307244085318,24.266596203763562,0.19194908601609892,0.12253869620191793
639872,2022-11-29,639872_2022-11-29_130622,254,1.0,True,0.07683653533729949,0.46941472774962,0.07868528233234094,23.829632023658185,0.19194908601609892,0.12253869620191793
639872,2022-11-29,639872_2022-11-29_130622,255,1.0,True,0.07683653533729949,0.5111883786580208,0.08380188840674793,22.457878441995867,0.19194908601609892,0.12253869620191793
639872,2022-11-29,639872_2022-11-29_130622,256,1.0,False,0.07683653533729949,0.5521882499858767,0.1317154651868173,22.174302549425818,0.19194908601609892,0.12253869620191793
639872,2022-11-29,639872_2022-11-29_130622,257,1.0,True,0.07683653533729949,0.47946894177800975,0.11546031818726327,25.85365901394688,0.19194908601609892,0.12253869620191793
639872,2022-11-29,639872_2022-11-29_130622,258,1.0,False,0.07683653533729949,0.5395305157147909,0.15799544439781493,24.068669285868946,0.19194908601609892,0.12253869620191793
639872,2022-11-29,639872_2022-11-29_130622,259,1.0,False,0.07683653533729949,0.4543047840336495,0.19252137262762722,21.483168143112874,0.19194908601609892,0.12253869620191793
639872,2022-11-29,639872_2022-11-29_130622,260,1.0,False,0.07683653533729949,0.3666116428910146,0.15659211302678716,23.48044547205557,0.19194908601609892,0.12253869620191793
639872,2022-11-29,639872_2022-11-29_130622,261,1.0,True,0.07683653533729949,0.30935312692296696,0.13855923305740814,19.57850006858062,0.19194908601609892,0.12253869620191793
639872,2022-11-29,639872_2022-11-29_130622,262,1.0,False,0.07683653533729949,0.4054512476137933,0.15487261437185668,19.285238715026114,0.19194908601609892,0.12253869620191793
639872,2022-11-29,639872_2022-11-29_130622,263,1.0,False,0.07683653533729949,0.34250143782007453,0.14412662598010184,20.708915779305855,0.19194908601609892,0.12253869620191793
639872,2022-11-29,639872_2022-11-29_130622,264,1.0,False,0.07683653533729949,0.2932212887836781,0.13614041925635645,21.741095938091014,0.19194908601609892,0.12253869620191793
639872,2022-11-29,639872_2022-11-29_130622,265,1.0,True,0.07683653533729949,0.2540030789896054,0.11628402309117507,20.746471929783254,0.19194908601609892,0.12253869620191793
639872,2022-11-29,639872_2022-11-29_130622,266,1.0,True,0.07683653533729949,0.3419980296957962,0.10425726216163655,18.06833746547033,0.19194908601609892,0.12253869620191793
639872,2022-11-29,639872_2022-11-29_130622,267,1.0,True,0.07683653533729949,0.40997180266022537,0.12548142047230726,16.932723311344418,0.19194908601609892,0.12253869620191793
639872,2022-11-29,639872_2022-11-29_130622,268,1.0,True,0.07683653533729949,0.48333177355998047,0.1328064915190092,17.934775511149596,0.19194908601609892,0.12253869620191793
639872,2022-11-29,639872_2022-11-29_130622,269,1.0,True,0.07683653533729949,0.5516843911085443,0.09595099041911694,17.067742812712368,0.19194908601609892,0.12253869620191793
639872,2022-11-29,639872_2022-11-29_130622,270,1.0,True,0.07683653533729949,0.5946349895862056,0.08197695521507045,13.866037861249987,0.19194908601609892,0.12253869620191793
639872,2022-11-29,639872_2022-11-29_130622,271,1.0,False,0.07683653533729949,0.6273284798655666,0.08387904636738873,13.356661330717815,0.19194908601609892,0.12253869620191793
639872,2022-11-29,639872_2022-11-29_130622,272,1.0,True,0.07683653533729949,0.5743283798379463,0.08135993371955129,10.794837828987527,0.19194908601609892,0.12253869620191793
639872,2022-11-29,639872_2022-11-29_130622,273,1.0,False,0.07683653533729949,0.6086254362577208,0.09611964439523807,10.398081727870132,0.19194908601609892,0.12253869620191793
639872,2022-11-29,639872_2022-11-29_130622,274,1.0,True,0.07683653533729949,0.5492424661386673,0.10154491266404538,10.619992986537344,0.19194908601609892,0.12253869620191793
639872,2022-11-29,639872_2022-11-29_130622,275,1.0,True,0.07683653533729949,0.5950271422072825,0.09594700566936906,11.872152614080512,0.19194908601609892,0.12253869620191793
639872,2022-11-29,639872_2022-11-29_130622,276,1.0,True,0.07683653533729949,0.6339582821320585,0.0797014495373754,11.995672261249197,0.19194908601609892,0.12253869620191793
639872,2022-11-29,639872_2022-11-29_130622,277,1.0,True,0.07683653533729949,0.6631937319182228,0.07568643191660245,12.876756509242245,0.19194908601609892,0.12253869620191793
639872,2022-11-29,639872_2022-11-29_130622,278,1.0,True,0.07683653533729949,0.688685670802782,0.08904733817256318,12.744244137098066,0.19194908601609892,0.12253869620191793
639872,2022-11-29,639872_2022-11-29_130622,279,1.0,True,0.07683653533729949,0.7164072266141465,0.09032052688356551,11.814610596418275,0.19194908601609892,0.12253869620191793
639872,2022-11-29,639872_2022-11-29_130622,281,1.0,False,0.07683653533729949,0.7420207243576742,0.08724437246099727,10.48049180930726,0.19194908601609892,0.12253869620191793
639872,2022-11-29,639872_2022-11-29_130622,282,1.0,True,0.07683653533729949,0.6772707721525917,0.08800630290429884,10.881996917338263,0.19194908601609892,0.12253869620191793
639872,2022-11-29,639872_2022-11-29_130622,283,1.0,True,0.07683653533729949,0.705828751048162,0.09187070514391973,9.162086931760358,0.19194908601609892,0.12253869620191793
639872,2022-11-29,639872_2022-11-29_130622,284,1.0,False,0.07683653533729949,0.7329483915984651,0.1382084464729451,7.452181504624229,0.19194908601609892,0.12253869620191793
639872,2022-11-29,639872_2022-11-29_130622,285,1.0,True,0.07683653533729949,0.6315380803825403,0.1359710250529317,7.625348097568795,0.19194908601609892,0.12253869620191793
639872,2022-11-29,639872_2022-11-29_130622,286,1.0,True,0.07683653533729949,0.6829548957798443,0.11206900309511798,8.138103252254673,0.19194908601609892,0.12253869620191793
639872,2022-11-29,639872_2022-11-29_130622,287,1.0,False,0.07683653533729949,0.7188758896570637,0.09822902814720434,7.544036275529972,0.19194908601609892,0.12253869620191793
639872,2022-11-29,639872_2022-11-29_130622,288,1.0,False,0.07683653533729949,0.6482590559303288,0.08558018590709503,8.026452789818823,0.19194908601609892,0.12253869620191793
639872,2022-11-29,639872_2022-11-29_130622,289,1.0,True,0.07683653533729949,0.592963903447177,0.1412444143711815,8.16258734889591,0.19194908601609892,0.12253869620191793
639872,2022-11-29,639872_2022-11-29_130622,290,1.0,True,0.07683653533729949,0.6513323451561854,0.18018966013875418,6.7290777826299495,0.19194908601609892,0.12253869620191793
639872,2022-11-29,639872_2022-11-29_130622,291,1.0,False,0.07683653533729949,0.7144232130912875,0.22376510780103284,5.742033043498969,0.19194908601609892,0.12253869620191793
639872,2022-11-29,639872_2022-11-29_130622,292,1.0,True,0.07683653533729949,0.5540686155553717,0.22333927258375982,5.482628682021558,0.19194908601609892,0.12253869620191793
639872,2022-11-29,639872_2022-11-29_130622,294,0.0,True,0.07683653533729949,0.6542148858033973,0.20931300310207726,5.058246052398313,0.19194908601609892,0.12253869620191793
639872,2022-11-29,639872_2022-11-29_130622,295,0.0,True,0.27005472805710784,0.6542148858033973,0.21564737500986728,4.28466655998708,0.19194908601609892,0.12253869620191793
639872,2022-11-29,639872_2022-11-29_130622,296,0.0,False,0.4273588915059583,0.6542148858033973,0.2374455907358998,3.9958905607507478,0.19194908601609892,0.12253869620191793
639872,2022-11-29,639872_2022-11-29_130622,297,0.0,False,0.3254911667432774,0.6542148858033973,0.23968819876272338,4.308058290838964,0.19194908601609892,0.12253869620191793
639872,2022-11-29,639872_2022-11-29_130622,298,0.0,True,0.2475242503647598,0.6542148858033973,0.2645211693478361,3.476144278743714,0.19194908601609892,0.12253869620191793
639872,2022-11-29,639872_2022-11-29_130622,299,0.0,False,0.44675104313028313,0.6542148858033973,0.2602432187225228,3.194486236748983,0.19194908601609892,0.12253869620191793
639872,2022-11-29,639872_2022-11-29_130622,300,0.0,True,0.3300381270462128,0.6542148858033973,0.29769556416450005,2.976914134394644,0.19194908601609892,0.12253869620191793
639872,2022-11-29,639872_2022-11-29_130622,301,0.0,False,0.5294649114829233,0.6542148858033973,0.2685657777863874,2.3913990672688037,0.19194908601609892,0.12253869620191793
639872,2022-11-29,639872_2022-11-29_130622,302,0.0,False,0.3870842969246684,0.6542148858033973,0.3170648930188789,2.209188842009985,0.19194908601609892,0.12253869620191793
639872,2022-11-29,639872_2022-11-29_130622,303,0.0,False,0.26453752510397055,0.6542148858033973,0.36848158555994126,2.081407887061657,0.19194908601609892,0.12253869620191793
639872,2022-11-29,639872_2022-11-29_130622,304,0.0,True,0.1695992945241669,0.6542148858033973,0.4960486976745489,1.9475484962085998,0.19194908601609892,0.12253869620191793
639872,2022-11-29,639872_2022-11-29_130622,305,0.0,False,0.5870049697963117,0.6542148858033973,0.5321099161800793,2.0991119902673443,0.19194908601609892,0.12253869620191793
639872,2022-11-29,639872_2022-11-29_130622,306,0.0,True,0.25354864844567243,0.6542148858033973,0.5368561792790937,2.1222044598194936,0.19194908601609892,0.12253869620191793
639872,2022-11-29,639872_2022-11-29_130622,307,0.0,False,0.6688371171557288,0.6542148858033973,0.5550965641914697,2.0441240362846993,0.19194908601609892,0.12253869620191793
639872,2022-11-29,639872_2022-11-29_130622,308,0.0,False,0.28593223899856895,0.6542148858033973,0.6554904471691503,2.423784932815026,0.19194908601609892,0.12253869620191793
639872,2022-11-29,639872_2022-11-29_130622,309,0.0,False,0.10401199872991775,0.6542148858033973,0.8248473312638142,2.4197360535263,0.19194908601609892,0.12253869620191793
639872,2022-11-29,639872_2022-11-29_130622,310,0.0,True,0.026765582730742105,0.6542148858033973,0.884837612299053,2.5327465707737904,0.19194908601609892,0.12253869620191793
639872,2022-11-29,639872_2022-11-29_130622,311,0.0,False,0.8953980509981562,0.6542148858033973,0.886385911637624,2.7603107717082644,0.19194908601609892,0.12253869620191793
639872,2022-11-29,639872_2022-11-29_130622,312,0.0,False,0.07728544948783168,0.6542148858033973,0.8711169895435195,2.6312634032790503,0.19194908601609892,0.12253869620191793
639872,2022-11-29,639872_2022-11-29_130622,313,0.0,True,0.02535500400074757,0.6542148858033973,0.8763101383493334,2.5378419438420856,0.19194908601609892,0.12253869620191793
639872,2022-11-29,639872_2022-11-29_130622,314,0.0,False,0.8862095783359837,0.6542148858033973,0.8866651318790152,2.3111477175023394,0.19194908601609892,0.12253869620191793
639872,2022-11-29,639872_2022-11-29_130622,315,1.0,False,0.07671099858466378,0.6542148858033973,0.9308414677670722,2.752573177307248,0.19194908601609892,0.12253869620191793
639872,2022-11-29,639872_2022-11-29_130622,316,0.0,False,0.07671099858466378,0.045181062775277295,0.8892483030044313,3.0410270601257845,0.19194908601609892,0.12253869620191793
639872,2022-11-29,639872_2022-11-29_130622,317,0.0,True,0.024227282543079057,0.045181062775277295,0.7953859827935859,3.2159589607296524,0.19194908601609892,0.12253869620191793
639872,2022-11-29,639872_2022-11-29_130622,318,0.0,False,0.8044616926982582,0.045181062775277295,0.7630600672923347,3.2550779236311094,0.19194908601609892,0.12253869620191793
639872,2022-11-29,639872_2022-11-29_130622,319,0.0,True,0.17023342632673533,0.045181062775277295,0.7140877297486978,3.3216332695319983,0.19194908601609892,0.12253869620191793
639872,2022-11-29,639872_2022-11-29_130622,320,0.0,True,0.7785807932974905,0.045181062775277295,0.7321441567600752,3.6050447438442776,0.19194908601609892,0.12253869620191793
639872,2022-11-29,639872_2022-11-29_130622,321,0.0,True,0.9142170480185837,0.045181062775277295,0.7192473948648134,4.036305070867217,0.19194908601609892,0.12253869620191793
639872,2022-11-29,639872_2022-11-29_130622,322,0.0,False,0.9563734466972826,0.045181062775277295,0.6605698433350952,4.19086409021361,0.19194908601609892,0.12253869620191793
639872,2022-11-29,639872_2022-11-29_130622,323,0.0,False,0.31428915602535507,0.045181062775277295,0.6322898927070066,4.403198729098664,0.19194908601609892,0.12253869620191793
639872,2022-11-29,639872_2022-11-29_130622,324,0.0,True,0.1682316742081939,0.045181062775277295,0.6037710703687501,4.662703770352896,0.19194908601609892,0.12253869620191793
639872,2022-11-29,639872_2022-11-29_130622,326,0.0,True,0.7051168096065917,0.045181062775277295,0.5944070769491765,4.929568148458981,0.19194908601609892,0.12253869620191793
639872,2022-11-29,639872_2022-11-29_130622,327,0.0,False,0.8333859562484224,0.045181062775277295,0.5906591399426413,5.349199960489622,0.19194908601609892,0.12253869620191793
639872,2022-11-29,639872_2022-11-29_130622,328,0.0,True,0.3086997367063437,0.045181062775277295,0.5988821750622413,5.5447541637167035,0.19194908601609892,0.12253869620191793
639872,2022-11-29,639872_2022-11-29_130622,329,0.0,False,0.7719966087281819,0.045181062775277295,0.5983253461471244,5.5431452110272925,0.19194908601609892,0.12253869620191793
639872,2022-11-29,639872_2022-11-29_130622,330,0.0,True,0.2816448352196006,0.045181062775277295,0.5970181162062511,5.7200959084065435,0.19194908601609892,0.12253869620191793
639872,2022-11-29,639872_2022-11-29_130622,331,0.0,True,0.7445594118268541,0.045181062775277295,0.609682795107715,5.8454297273066524,0.19194908601609892,0.12253869620191793
639872,2022-11-29,639872_2022-11-29_130622,332,0.0,False,0.8732923307937928,0.045181062775277295,0.6085328094077738,5.988253590629926,0.19194908601609892,0.12253869620191793
639872,2022-11-29,639872_2022-11-29_130622,333,0.0,True,0.3206370306670375,0.045181062775277295,0.613311343170571,5.92905266993847,0.19194908601609892,0.12253869620191793
639872,2022-11-29,639872_2022-11-29_130622,334,0.0,False,0.7718825866583997,0.045181062775277295,0.6312009875638523,5.925830730104653,0.19194908601609892,0.12253869620191793
639872,2022-11-29,639872_2022-11-29_130622,335,0.0,True,0.2593184258826188,0.045181062775277295,0.6209940464755417,6.105337998836807,0.19194908601609892,0.12253869620191793
639872,2022-11-29,639872_2022-11-29_130622,336,0.0,False,0.7548635907019219,0.045181062775277295,0.6288278863354322,6.174803870699796,0.19194908601609892,0.12253869620191793
639872,2022-11-29,639872_2022-11-29_130622,338,0.0,True,0.2519747618475847,0.045181062775277295,0.6227885596041679,6.139485789405781,0.19194908601609892,0.12253869620191793
639872,2022-11-29,639872_2022-11-29_130622,339,0.0,True,0.7533831884152851,0.045181062775277295,0.639319771551749,6.13794677644613,0.19194908601609892,0.12253869620191793
639872,2022-11-29,639872_2022-11-29_130622,340,0.0,False,0.8793957145767257,0.045181062775277295,0.6255779803681131,6.106471925425741,0.19194908601609892,0.12253869620191793
639872,2022-11-29,639872_2022-11-29_130622,341,0.0,False,0.3056874886054715,0.045181062775277295,0.6153936732073334,6.187227454989148,0.19194908601609892,0.12253869620191793
639872,2022-11-29,639872_2022-11-29_130622,342,0.0,True,0.15807822673164482,0.045181062775277295,0.6375012100892248,6.338924165524889,0.19194908601609892,0.12253869620191793
639872,2022-11-29,639872_2022-11-29_130622,343,0.0,False,0.7255428788791923,0.045181062775277295,0.6392274643532203,6.555214015871211,0.19194908601609892,0.12253869620191793
639872,2022-11-29,639872_2022-11-29_130622,364,0.0,False,0.22521176614214125,0.045181062775277295,0.662284363090755,6.593492829323314,0.19194908601609892,0.12253869620191793
639872,2022-11-29,639872_2022-11-29_130622,367,1.0,False,0.10743043720272613,0.045181062775277295,0.6826755423980743,6.746502388868243,0.19194908601609892,0.12253869620191793
639872,2022-11-29,639872_2022-11-29_130622,368,1.0,True,0.10743043720272613,0.02180358151617317,0.7004466127597114,6.981962683507707,0.19194908601609892,0.12253869620191793
639872,2022-11-29,639872_2022-11-29_130622,402,1.0,False,0.10743043720272613,0.7121340585971048,0.7189717170216778,7.033834437902236,0.19194908601609892,0.12253869620191793
639872,2022-11-29,639872_2022-11-29_130622,404,0.0,True,0.10743043720272613,0.1373492601359793,0.7168842416224542,7.075979752779556,0.19194908601609892,0.12253869620191793
639872,2022-11-29,639872_2022-11-29_130622,442,0.0,False,0.7694295446985937,0.1373492601359793,0.6999771990122626,7.11257534536543,0.19194908601609892,0.12253869620191793
639872,2022-11-29,639872_2022-11-29_130622,444,0.0,False,0.17958292604460085,0.1373492601359793,0.708632775616293,7.141204722164257,0.19194908601609892,0.12253869620191793
639872,2022-11-29,639872_2022-11-29_130622,445,1.0,False,0.08538129151078247,0.1373492601359793,0.7064553679726104,7.153725901355337,0.19194908601609892,0.12253869620191793
639872,2022-11-29,639872_2022-11-29_130622,450,0.0,True,0.08538129151078247,0.06165464270963285,0.7032862243841039,7.17071704430901,0.19194908601609892,0.12253869620191793
642860,2023-01-30,642860_2023-01-30_104448,0,1.0,True,0.07185448977618691,0.42868649462112635,0.0164398789387622,7.9297101216191415,0.19795516328500706,0.1933564416556334
642860,2023-01-30,642860_2023-01-30_104448,1,1.0,True,0.07185448977618691,0.4380788194856344,0.015262514556685227,5.92044063361486,0.19795516328500706,0.1933564416556334
642860,2023-01-30,642860_2023-01-30_104448,2,1.0,True,0.07185448977618691,0.44665514968293835,0.019320067192634648,5.425877173092073,0.19795516328500706,0.1933564416556334
642860,2023-01-30,642860_2023-01-30_104448,3,1.0,True,0.07185448977618691,0.45734580937176156,0.01746527788466526,7.1367443855058665,0.19795516328500706,0.1933564416556334
642860,2023-01-30,642860_2023-01-30_104448,4,1.0,True,0.07185448977618691,0.4668234156063551,0.021417908737919798,7.326831890755697,0.19795516328500706,0.1933564416556334
642860,2023-01-30,642860_2023-01-30_104448,5,1.0,True,0.07185448977618691,0.47824294303211384,0.035019539799738444,7.8971766409943545,0.19795516328500706,0.1933564416556334
642860,2023-01-30,642860_2023-01-30_104448,6,1.0,False,0.07185448977618691,0.49651463505438376,0.033704717807738094,9.553562784823965,0.19795516328500706,0.1933564416556334
642860,2023-01-30,642860_2023-01-30_104448,7,1.0,True,0.07185448977618691,0.4797797493924823,0.02782755145798611,12.757826534283424,0.19795516328500706,0.1933564416556334
642860,2023-01-30,642860_2023-01-30_104448,8,1.0,True,0.07185448977618691,0.4942562051857362,0.027858128992077173,7.7283546307984485,0.19795516328500706,0.1933564416556334
642860,2023-01-30,642860_2023-01-30_104448,9,1.0,True,0.07185448977618691,0.5083452810586101,0.02631317947439025,8.348213845591461,0.19795516328500706,0.1933564416556334
642860,2023-01-30,642860_2023-01-30_104448,10,1.0,False,0.07185448977618691,0.5212822799175367,0.022584233144111038,7.274416592107533,0.19795516328500706,0.1933564416556334
642860,2023-01-30,642860_2023-01-30_104448,11,1.0,True,0.07185448977618691,0.509509519373987,0.02126647251901003,7.477402459367996,0.19795516328500706,0.1933564416556334
642860,2023-01-30,642860_2023-01-30_104448,12,1.0,True,0.07185448977618691,0.519940521701073,0.0264999704627293,7.409106494489351,0.19795516328500706,0.1933564416556334
642860,2023-01-30,642860_2023-01-30_104448,13,1.0,True,0.07185448977618691,0.5326620836963304,0.024270937739183603,7.16305281560115,0.19795516328500706,0.1933564416556334
642860,2023-01-30,642860_2023-01-30_104448,14,1.0,True,0.07185448977618691,0.5440048131661114,0.024949959496069964,7.616164776918934,0.19795516328500706,0.1933564416556334
642860,2023-01-30,642860_2023-01-30_104448,15,1.0,True,0.07185448977618691,0.5553818746080069,0.027246072771699662,7.168912325854406,0.19795516328500706,0.1933564416556334
642860,2023-01-30,642860_2023-01-30_104448,16,1.0,True,0.07185448977618691,0.5674959724080706,0.024936316415957057,6.566741407408464,0.19795516328500706,0.1933564416556334
642860,2023-01-30,642860_2023-01-30_104448,17,1.0,True,0.07185448977618691,0.5782810296912844,0.01518864725532462,7.459466349567141,0.19795516328500706,0.1933564416556334
642860,2023-01-30,642860_2023-01-30_104448,18,1.0,False,0.07185448977618691,0.5846863703721883,0.016718185636769984,6.5394418123380555,0.19795516328500706,0.1933564416556334
642860,2023-01-30,642860_2023-01-30_104448,19,1.0,False,0.07185448977618691,0.5749114750930108,0.013449751747618867,6.185006144293717,0.19795516328500706,0.1933564416556334
642860,2023-01-30,642860_2023-01-30_104448,20,1.0,True,0.07185448977618691,0.5671790584761198,0.01726643310927206,6.0394996436937385,0.19795516328500706,0.1933564416556334
642860,2023-01-30,642860_2023-01-30_104448,21,1.0,True,0.07185448977618691,0.5746523323112703,0.019377019389445024,6.174461189670376,0.19795516328500706,0.1933564416556334
642860,2023-01-30,642860_2023-01-30_104448,22,1.0,True,0.07185448977618691,0.5828943023153341,0.01694485302829005,5.883270971659801,0.19795516328500706,0.1933564416556334
642860,2023-01-30,642860_2023-01-30_104448,23,1.0,True,0.07185448977618691,0.5899620970598359,0.019692103275144646,7.188058159707087,0.19795516328500706,0.1933564416556334
642860,2023-01-30,642860_2023-01-30_104448,24,1.0,True,0.07185448977618691,0.5980366057912891,0.01997338638055043,6.375949322958348,0.19795516328500706,0.1933564416556334
642860,2023-01-30,642860_2023-01-30_104448,25,1.0,True,0.07185448977618691,0.6060651759746394,0.02042256714843743,7.471350756792953,0.19795516328500706,0.1933564416556334
642860,2023-01-30,642860_2023-01-30_104448,26,1.0,True,0.07185448977618691,0.6141103363703766,0.024201510042016747,8.98547845085903,0.19795516328500706,0.1933564416556334
642860,2023-01-30,642860_2023-01-30_104448,27,1.0,True,0.07185448977618691,0.6234494489398292,0.03138606765389097,9.863323794569936,0.19795516328500706,0.1933564416556334
642860,2023-01-30,642860_2023-01-30_104448,28,1.0,True,0.07185448977618691,0.6352678900105108,0.03326962759823075,9.736078319455956,0.19795516328500706,0.1933564416556334
642860,2023-01-30,642860_2023-01-30_104448,29,1.0,True,0.07185448977618691,0.6474023914829798,0.035533067461553824,8.439522506596477,0.19795516328500706,0.1933564416556334
642860,2023-01-30,642860_2023-01-30_104448,30,1.0,True,0.07185448977618691,0.6599312660931949,0.03119077074941067,11.527779456156765,0.19795516328500706,0.1933564416556334
642860,2023-01-30,642860_2023-01-30_104448,31,1.0,False,0.07185448977618691,0.6705382720115285,0.03584893065117278,11.427400072771203,0.19795516328500706,0.1933564416556334
642860,2023-01-30,642860_2023-01-30_104448,32,1.0,True,0.07185448977618691,0.6465001919992559,0.06342406827361045,10.21822641183634,0.19795516328500706,0.1933564416556334
642860,2023-01-30,642860_2023-01-30_104448,33,1.0,True,0.07185448977618691,0.6689205879565705,0.04572762295462074,7.479115652498705,0.19795516328500706,0.1933564416556334
642860,2023-01-30,642860_2023-01-30_104448,34,1.0,True,0.07185448977618691,0.6840600624785577,0.04988011348324512,9.490784284343897,0.19795516328500706,0.1933564416556334
642860,2023-01-30,642860_2023-01-30_104448,35,1.0,True,0.07185448977618691,0.6998191824160122,0.055393549744383146,10.986792288356828,0.19795516328500706,0.1933564416556334
642860,2023-01-30,642860_2023-01-30_104448,36,1.0,True,0.07185448977618691,0.7164472634671349,0.05330907442282758,9.621442459600473,0.19795516328500706,0.1933564416556334
642860,2023-01-30,642860_2023-01-30_104448,37,1.0,True,0.07185448977618691,0.7315631974017832,0.05124417203509279,9.112442717264301,0.19795516328500706,0.1933564416556334
642860,2023-01-30,642860_2023-01-30_104448,38,1.0,True,0.07185448977618691,0.7453190190946978,0.03587687594637678,7.892106382103349,0.19795516328500706,0.1933564416556334
642860,2023-01-30,642860_2023-01-30_104448,39,1.0,True,0.07185448977618691,0.7544561770525068,0.029845625646371332,8.010881595408536,0.19795516328500706,0.1933564416556334
642860,2023-01-30,642860_2023-01-30_104448,40,1.0,True,0.07185448977618691,0.7617845860719759,0.032896189274544574,6.596801516308746,0.19795516328500706,0.1933564416556334
642860,2023-01-30,642860_2023-01-30_104448,41,1.0,True,0.07185448977618691,0.769620965416684,0.030486406648000734,6.639946947193869,0.19795516328500706,0.1933564416556334
642860,2023-01-30,642860_2023-01-30_104448,42,1.0,True,0.07185448977618691,0.7766443943481621,0.03634550464286906,5.666974698569693,0.19795516328500706,0.1933564416556334
642860,2023-01-30,642860_2023-01-30_104448,43,1.0,True,0.07185448977618691,0.784762366550387,0.04446502398328534,7.208112043966868,0.19795516328500706,0.1933564416556334
642860,2023-01-30,642860_2023-01-30_104448,44,1.0,True,0.07185448977618691,0.7943329130838284,0.04537207182042137,7.791835706657807,0.19795516328500706,0.1933564416556334
642860,2023-01-30,642860_2023-01-30_104448,45,1.0,False,0.07185448977618691,0.8036644549224733,0.044884552887750166,8.758997564156234,0.19795516328500706,0.1933564416556334
642860,2023-01-30,642860_2023-01-30_104448,46,1.0,True,0.07185448977618691,0.7675923351914903,0.07592901436881712,8.104963883228631,0.19795516328500706,0.1933564416556334
642860,2023-01-30,642860_2023-01-30_104448,47,1.0,True,0.07185448977618691,0.7852388201122034,0.08244440445059717,8.775777647815286,0.19795516328500706,0.1933564416556334
642860,2023-01-30,642860_2023-01-30_104448,48,1.0,True,0.07185448977618691,0.8029446776871324,0.06091949276950945,11.22085101696212,0.19795516328500706,0.1933564416556334
642860,2023-01-30,642860_2023-01-30_104448,49,1.0,True,0.07185448977618691,0.8149491879699644,0.08502199302487812,8.154028666001226,0.19795516328500706,0.1933564416556334
642860,2023-01-30,642860_2023-01-30_104448,50,1.0,True,0.07185448977618691,0.8306825768196198,0.10165366479022017,7.28726406089014,0.19795516328500706,0.1933564416556334
642860,2023-01-30,642860_2023-01-30_104448,51,1.0,True,0.07185448977618691,0.8478943133987562,0.10091686726657353,9.033647594494402,0.19795516328500706,0.1933564416556334
642860,2023-01-30,642860_2023-01-30_104448,52,1.0,True,0.07185448977618691,0.8632443427839738,0.07152899354331811,7.218276761036221,0.19795516328500706,0.1933564416556334
642860,2023-01-30,642860_2023-01-30_104448,53,1.0,True,0.07185448977618691,0.873026337306016,0.06342577177966657,8.26726132015058,0.19795516328500706,0.1933564416556334
642860,2023-01-30,642860_2023-01-30_104448,54,1.0,True,0.07185448977618691,0.881079739858041,0.050272464342255775,8.384027777294852,0.19795516328500706,0.1933564416556334
642860,2023-01-30,642860_2023-01-30_104448,55,1.0,True,0.07185448977618691,0.8870581543956176,0.04300172894169909,9.338659433825837,0.19795516328500706,0.1933564416556334
642860,2023-01-30,642860_2023-01-30_104448,56,1.0,False,0.07185448977618691,0.8919148490264687,0.0417575078093919,10.15321888056303,0.19795516328500706,0.1933564416556334
642860,2023-01-30,642860_2023-01-30_104448,57,1.0,True,0.07185448977618691,0.8546707077529437,0.04790242560203302,12.500564671043389,0.19795516328500706,0.1933564416556334
642860,2023-01-30,642860_2023-01-30_104448,58,1.0,True,0.07185448977618691,0.8616323333626273,0.0552888379062385,12.133698038457867,0.19795516328500706,0.1933564416556334
642860,2023-01-30,642860_2023-01-30_104448,59,1.0,True,0.07185448977618691,0.8692825208547686,0.07491064646951483,8.433475297736289,0.19795516328500706,0.1933564416556334
642860,2023-01-30,642860_2023-01-30_104448,60,1.0,False,0.07185448977618691,0.8790746517224088,0.07975507529034452,7.047003476874095,0.19795516328500706,0.1933564416556334
642860,2023-01-30,642860_2023-01-30_104448,61,1.0,False,0.07185448977618691,0.8089639866884666,0.116011706007003,6.750795014802032,0.19795516328500706,0.1933564416556334
642860,2023-01-30,642860_2023-01-30_104448,62,1.0,True,0.07185448977618691,0.7151146944945324,0.11980392976053247,5.18989679678718,0.19795516328500706,0.1933564416556334
642860,2023-01-30,642860_2023-01-30_104448,63,1.0,False,0.07185448977618691,0.749245073625082,0.08949243043250098,5.085442928369573,0.19795516328500706,0.1933564416556334
642860,2023-01-30,642860_2023-01-30_104448,64,1.0,False,0.07185448977618691,0.6821933109968082,0.09168965077504918,5.667574368344676,0.19795516328500706,0.1933564416556334
642860,2023-01-30,642860_2023-01-30_104448,65,1.0,True,0.07185448977618691,0.6196432445504181,0.13800880663190956,4.9023948911669635,0.19795516328500706,0.1933564416556334
642860,2023-01-30,642860_2023-01-30_104448,66,1.0,True,0.07185448977618691,0.6721358264644279,0.1574596508410039,4.796546991371586,0.19795516328500706,0.1933564416556334
642860,2023-01-30,642860_2023-01-30_104448,67,1.0,False,0.07185448977618691,0.72376120475259,0.09191378891572242,3.8808905522482626,0.19795516328500706,0.1933564416556334
642860,2023-01-30,642860_2023-01-30_104448,68,1.0,True,0.07185448977618691,0.6572375701535919,0.11246280577423474,3.8953194295827887,0.19795516328500706,0.1933564416556334
642860,2023-01-30,642860_2023-01-30_104448,69,1.0,False,0.07185448977618691,0.6957855947281126,0.08056195684255164,3.343173324064723,0.19795516328500706,0.1933564416556334
642860,2023-01-30,642860_2023-01-30_104448,70,1.0,False,0.07185448977618691,0.6397317456739695,0.06996462607048251,2.483582524575938,0.19795516328500706,0.1933564416556334
642860,2023-01-30,642860_2023-01-30_104448,71,1.0,False,0.07185448977618691,0.5949731533024684,0.08960259467635137,2.47132103956197,0.19795516328500706,0.1933564416556334
642860,2023-01-30,642860_2023-01-30_104448,72,1.0,False,0.07185448977618691,0.5416620150037922,0.12620369185248356,1.834282004667997,0.19795516328500706,0.1933564416556334
642860,2023-01-30,642860_2023-01-30_104448,73,0.0,True,0.07185448977618691,0.47330226897405875,0.10636650494690707,1.8312428751880743,0.19795516328500706,0.1933564416556334
642860,2023-01-30,642860_2023-01-30_104448,74,0.0,False,0.17057808378086206,0.47330226897405875,0.11529508706248646,2.339053894033853,0.19795516328500706,0.1933564416556334
642860,2023-01-30,642860_2023-01-30_104448,75,1.0,False,0.1509112687603893,0.47330226897405875,0.08623078342238917,2.4923473028982026,0.19795516328500706,0.1933564416556334
642860,2023-01-30,642860_2023-01-30_104448,76,1.0,True,0.1509112687603893,0.4324890435248136,0.06732472421581417,3.1761663354122582,0.19795516328500706,0.1933564416556334
642860,2023-01-30,642860_2023-01-30_104448,77,0.0,False,0.1509112687603893,0.4706965621589818,0.06742919111626663,2.874245365514667,0.19795516328500706,0.1933564416556334
642860,2023-01-30,642860_2023-01-30_104448,78,0.0,False,0.14073544397754795,0.4706965621589818,0.05370574127241271,3.035829062069976,0.19795516328500706,0.1933564416556334
642860,2023-01-30,642860_2023-01-30_104448,79,0.0,True,0.13317714263543748,0.4706965621589818,0.039482998467798416,4.101219709516216,0.19795516328500706,0.1933564416556334
642860,2023-01-30,642860_2023-01-30_104448,80,0.0,True,0.16740190818461406,0.4706965621589818,0.034588900306121974,2.690521786819191,0.19795516328500706,0.1933564416556334
642860,2023-01-30,642860_2023-01-30_104448,81,0.0,True,0.1962005605774886,0.4706965621589818,0.03417248020261226,2.9997159313995034,0.19795516328500706,0.1933564416556334
642860,2023-01-30,642860_2023-01-30_104448,82,0.0,True,0.223668381008017,0.4706965621589818,0.046799212140976085,2.438246497388324,0.19795516328500706,0.1933564416556334
642860,2023-01-30,642860_2023-01-30_104448,83,0.0,True,0.2600000891369669,0.4706965621589818,0.049887918643768334,2.673916310108049,0.19795516328500706,0.1933564416556334
642860,2023-01-30,642860_2023-01-30_104448,84,0.0,False,0.29691714448649803,0.4706965621589818,0.04918158950630474,3.3416187087202354,0.19795516328500706,0.1933564416556334
642860,2023-01-30,642860_2023-01-30_104448,85,1.0,True,0.28231428736898706,0.4706965621589818,0.03126443178951723,4.129926819652548,0.19795516328500706,0.1933564416556334
642860,2023-01-30,642860_2023-01-30_104448,86,1.0,True,0.28231428736898706,0.487244933387304,0.03357835864242078,4.216654171807533,0.19795516328500706,0.1933564416556334
642860,2023-01-30,642860_2023-01-30_104448,87,0.0,True,0.28231428736898706,0.5044624069097399,0.04334720724311031,4.644153049245382,0.19795516328500706,0.1933564416556334
642860,2023-01-30,642860_2023-01-30_104448,88,1.0,False,0.31342395868982637,0.5044624069097399,0.03236148794384963,4.936387680283219,0.19795516328500706,0.1933564416556334
642860,2023-01-30,642860_2023-01-30_104448,89,1.0,True,0.31342395868982637,0.48813725281039894,0.03919752712654994,5.84682801852735,0.19795516328500706,0.1933564416556334
642860,2023-01-30,642860_2023-01-30_104448,90,1.0,True,0.31342395868982637,0.5082010067284346,0.03725812246441167,6.166677559226281,0.19795516328500706,0.1933564416556334
642860,2023-01-30,642860_2023-01-30_104448,91,1.0,True,0.31342395868982637,0.5265245138476411,0.03924721822935029,6.030060311940443,0.19795516328500706,0.1933564416556334
642860,2023-01-30,642860_2023-01-30_104448,92,1.0,True,0.31342395868982637,0.5451071095789058,0.03338741560006277,5.259888636287982,0.19795516328500706,0.1933564416556334
642860,2023-01-30,642860_2023-01-30_104448,93,1.0,False,0.31342395868982637,0.5602948075649011,0.025615851859980797,5.157319734153005,0.19795516328500706,0.1933564416556334
642860,2023-01-30,642860_2023-01-30_104448,94,1.0,False,0.31342395868982637,0.545942378776422,0.024650857939587486,5.490498209817245,0.19795516328500706,0.1933564416556334
642860,2023-01-30,642860_2023-01-30_104448,95,1.0,False,0.31342395868982637,0.5324844307540029,0.02758867445182644,5.7441502115234595,0.19795516328500706,0.1933564416556334
642860,2023-01-30,642860_2023-01-30_104448,96,1.0,False,0.31342395868982637,0.5177938911432426,0.025846745515640184,7.01053632904932,0.19795516328500706,0.1933564416556334
642860,2023-01-30,642860_2023-01-30_104448,97,0.0,False,0.31342395868982637,0.5044106042093128,0.03815012888756214,7.683484189757381,0.19795516328500706,0.1933564416556334
642860,2023-01-30,642860_2023-01-30_104448,98,1.0,True,0.301466794269348,0.5044106042093128,0.02771154136292196,8.57846152412897,0.19795516328500706,0.1933564416556334
642860,2023-01-30,642860_2023-01-30_104448,99,1.0,True,0.301466794269348,0.5181441502497842,0.02726560635965792,10.06182546935965,0.19795516328500706,0.1933564416556334
642860,2023-01-30,642860_2023-01-30_104448,100,1.0,False,0.301466794269348,0.5312822421711867,0.027489274941939697,10.95138865516115,0.19795516328500706,0.1933564416556334
642860,2023-01-30,642860_2023-01-30_104448,101,1.0,False,0.301466794269348,0.5166776785443877,0.021815813769392303,8.07111062056687,0.19795516328500706,0.1933564416556334
642860,2023-01-30,642860_2023-01-30_104448,102,1.0,False,0.301466794269348,0.5054059345304435,0.015722945138663465,8.731525587613339,0.19795516328500706,0.1933564416556334
642860,2023-01-30,642860_2023-01-30_104448,103,0.0,True,0.301466794269348,0.497459464749076,0.016356100505090006,7.945063790004521,0.19795516328500706,0.1933564416556334
642860,2023-01-30,642860_2023-01-30_104448,104,0.0,False,0.31289207358843113,0.497459464749076,0.014667869492830676,6.951268926723023,0.19795516328500706,0.1933564416556334
642860,2023-01-30,642860_2023-01-30_104448,106,1.0,False,0.3083026134876841,0.497459464749076,0.018945057912003516,6.410955303116289,0.19795516328500706,0.1933564416556334
642860,2023-01-30,642860_2023-01-30_104448,107,1.0,False,0.3083026134876841,0.48803506638053606,0.01868951803580818,6.409063557921568,0.19795516328500706,0.1933564416556334
642860,2023-01-30,642860_2023-01-30_104448,108,0.0,False,0.3083026134876841,0.4789139262053039,0.018721154816369382,4.023706475331451,0.19795516328500706,0.1933564416556334
642860,2023-01-30,642860_2023-01-30_104448,109,0.0,True,0.3025308325302945,0.4789139262053039,0.015366821800807619,4.2001034068795,0.19795516328500706,0.1933564416556334
642860,2023-01-30,642860_2023-01-30_104448,110,0.0,True,0.3132487169383505,0.4789139262053039,0.02073464349012727,5.59977341416289,0.19795516328500706,0.1933564416556334
642860,2023-01-30,642860_2023-01-30_104448,111,0.0,False,0.32748825995902325,0.4789139262053039,0.014636961396598622,5.2445746105284305,0.19795516328500706,0.1933564416556334
642860,2023-01-30,642860_2023-01-30_104448,112,0.0,True,0.3226948269401655,0.4789139262053039,0.01406801600284968,5.2731293030370034,0.19795516328500706,0.1933564416556334
642860,2023-01-30,642860_2023-01-30_104448,113,1.0,False,0.3322231669535972,0.4789139262053039,0.012264695934869414,5.21240367841122,0.19795516328500706,0.1933564416556334
642860,2023-01-30,642860_2023-01-30_104448,114,1.0,False,0.3322231669535972,0.4730401925214256,0.010928001674146287,5.102577792066363,0.19795516328500706,0.1933564416556334
642860,2023-01-30,642860_2023-01-30_104448,115,1.0,False,0.3322231669535972,0.46787080850560664,0.013827743969966094,7.299031705488987,0.19795516328500706,0.1933564416556334
642860,2023-01-30,642860_2023-01-30_104448,116,1.0,False,0.3322231669535972,0.4614012107545744,0.01373377153160535,7.883359374207954,0.19795516328500706,0.1933564416556334
642860,2023-01-30,642860_2023-01-30_104448,117,0.0,True,0.3322231669535972,0.45506443194165114,0.013835192506965825,7.277862878389411,0.19795516328500706,0.1933564416556334
642860,2023-01-30,642860_2023-01-30_104448,118,0.0,False,0.34146198799048744,0.45506443194165114,0.011268124186354003,5.760316825349243,0.19795516328500706,0.1933564416556334
642860,2023-01-30,642860_2023-01-30_104448,119,1.0,False,0.33761435190489025,0.45506443194165114,0.010007631380420079,5.9036852689370605,0.19795516328500706,0.1933564416556334
642860,2023-01-30,642860_2023-01-30_104448,120,1.0,False,0.33761435190489025,0.45051031485244136,0.012853923507904142,5.812476245011973,0.19795516328500706,0.1933564416556334
642860,2023-01-30,642860_2023-01-30_104448,121,0.0,True,0.33761435190489025,0.4447194897258008,0.011552785898270414,5.29671112325049,0.19795516328500706,0.1933564416556334
642860,2023-01-30,642860_2023-01-30_104448,122,1.0,False,0.3452667514794135,0.4447194897258008,0.010832239015930613,6.943504748335355,0.19795516328500706,0.1933564416556334
642860,2023-01-30,642860_2023-01-30_104448,123,1.0,False,0.3452667514794135,0.4399021819180446,0.008833751813752766,5.100647936105019,0.19795516328500706,0.1933564416556334
642860,2023-01-30,642860_2023-01-30_104448,124,0.0,True,0.3452667514794135,0.4360161952206539,0.007503300818138395,4.556860781668703,0.19795516328500706,0.1933564416556334
642860,2023-01-30,642860_2023-01-30_104448,125,0.0,True,0.3501794119986937,0.4360161952206539,0.007771671332968309,3.774913314844368,0.19795516328500706,0.1933564416556334
642860,2023-01-30,642860_2023-01-30_104448,126,0.0,True,0.35522960403403947,0.4360161952206539,0.0075395869326606154,4.839305381472299,0.19795516328500706,0.1933564416556334
642860,2023-01-30,642860_2023-01-30_104448,127,1.0,False,0.360090906486037,0.4360161952206539,0.006291054112564766,4.97212978456647,0.19795516328500706,0.1933564416556334
642860,2023-01-30,642860_2023-01-30_104448,128,1.0,True,0.360090906486037,0.4332731937425844,0.006275208075857561,6.204552224310901,0.19795516328500706,0.1933564416556334
642860,2023-01-30,642860_2023-01-30_104448,129,0.0,True,0.360090906486037,0.43682952237399886,0.005720751051778353,6.42930083959628,0.19795516328500706,0.1933564416556334
642860,2023-01-30,642860_2023-01-30_104448,130,1.0,False,0.3637516671058057,0.43682952237399886,0.0037940796197152545,5.355873637523658,0.19795516328500706,0.1933564416556334
642860,2023-01-30,642860_2023-01-30_104448,131,1.0,True,0.3637516671058057,0.43517215638587475,0.003918067286628489,5.596565252216164,0.19795516328500706,0.1933564416556334
642860,2023-01-30,642860_2023-01-30_104448,132,1.0,False,0.3637516671058057,0.43738518988251446,0.0026006749469285407,4.758705706841057,0.19795516328500706,0.1933564416556334
642860,2023-01-30,642860_2023-01-30_104448,133,1.0,False,0.3637516671058057,0.4362476931770427,0.0018807386839731137,5.47572121132341,0.19795516328500706,0.1933564416556334
642860,2023-01-30,642860_2023-01-30_104448,134,1.0,False,0.3637516671058057,0.4354272252646758,0.002198546387113729,6.375211317713295,0.19795516328500706,0.1933564416556334
642860,2023-01-30,642860_2023-01-30_104448,135,0.0,True,0.3637516671058057,0.4344699183117206,0.0020219081283915008,6.362238064648622,0.19795516328500706,0.1933564416556334
642860,2023-01-30,642860_2023-01-30_104448,136,1.0,False,0.3650381027817457,0.4344699183117206,0.00163002648073682,6.349401792815235,0.19795516328500706,0.1933564416556334
642860,2023-01-30,642860_2023-01-30_104448,137,1.0,False,0.3650381027817457,0.4337617208398025,0.0017237089338861453,5.900191493000328,0.19795516328500706,0.1933564416556334
642860,2023-01-30,642860_2023-01-30_104448,138,0.0,True,0.3650381027817457,0.433014041886397,0.0013550194124191358,4.344089806852589,0.19795516328500706,0.1933564416556334
642860,2023-01-30,642860_2023-01-30_104448,139,1.0,False,0.3658984884786328,0.433014041886397,0.0015007517411444388,4.058897144898922,0.19795516328500706,0.1933564416556334
642860,2023-01-30,642860_2023-01-30_104448,140,0.0,True,0.3658984884786328,0.4323641953091053,0.0015501697774913553,3.5745318913056385,0.19795516328500706,0.1933564416556334
642860,2023-01-30,642860_2023-01-30_104448,141,1.0,False,0.3668814534776573,0.4323641953091053,0.0013693420323330327,4.085267282372967,0.19795516328500706,0.1933564416556334
642860,2023-01-30,642860_2023-01-30_104448,142,0.0,True,0.3668814534776573,0.43177214084319354,0.0012632373088886113,3.8447274130137137,0.19795516328500706,0.1933564416556334
642860,2023-01-30,642860_2023-01-30_104448,143,0.0,True,0.36768123244655976,0.43177214084319354,0.0009870590216276146,3.417197487556293,0.19795516328500706,0.1933564416556334
642860,2023-01-30,642860_2023-01-30_104448,144,0.0,True,0.3683053683906265,0.43177214084319354,0.0011639779274028872,3.318409881229196,0.19795516328500706,0.1933564416556334
642860,2023-01-30,642860_2023-01-30_104448,145,1.0,False,0.3690406469986663,0.43177214084319354,0.0009754130017556353,2.7348309777102076,0.19795516328500706,0.1933564416556334
642860,2023-01-30,642860_2023-01-30_104448,146,0.0,True,0.3690406469986663,0.4313509846832203,0.000891454261299636,3.490437492531711,0.19795516328500706,0.1933564416556334
642860,2023-01-30,642860_2023-01-30_104448,147,0.0,True,0.36960311840261345,0.4313509846832203,0.0008368352813781314,3.9014126927446213,0.19795516328500706,0.1933564416556334
642860,2023-01-30,642860_2023-01-30_104448,148,1.0,False,0.3701306567544006,0.4313509846832203,0.001231429053124263,5.014584544021452,0.19795516328500706,0.1933564416556334
642860,2023-01-30,642860_2023-01-30_104448,149,0.0,False,0.3701306567544006,0.43081980654858393,0.0015582542399330548,4.953253687526162,0.19795516328500706,0.1933564416556334
642860,2023-01-30,642860_2023-01-30_104448,150,0.0,True,0.36955389908917985,0.43081980654858393,0.001681346298007302,4.354596557761453,0.19795516328500706,0.1933564416556334
642860,2023-01-30,642860_2023-01-30_104448,151,1.0,False,0.3706138973070565,0.43081980654858393,0.0016849904161761954,4.523282978889604,0.19795516328500706,0.1933564416556334
642860,2023-01-30,642860_2023-01-30_104448,152,0.0,True,0.3706138973070565,0.43009387930344367,0.002394094147601605,6.253215386996322,0.19795516328500706,0.1933564416556334
642860,2023-01-30,642860_2023-01-30_104448,153,0.0,True,0.37212070689208404,0.43009387930344367,0.00272603821087638,6.827781263329396,0.19795516328500706,0.1933564416556334
642860,2023-01-30,642860_2023-01-30_104448,154,1.0,True,0.373832329836926,0.43009387930344367,0.00295349328651661,7.336452922885083,0.19795516328500706,0.1933564416556334
642860,2023-01-30,642860_2023-01-30_104448,155,0.0,True,0.373832329836926,0.4317770932048722,0.003139691631982106,8.45395361812676,0.19795516328500706,0.1933564416556334
642860,2023-01-30,642860_2023-01-30_104448,156,1.0,True,0.37579830323113894,0.4317770932048722,0.0021132558211379273,8.182215647624789,0.19795516328500706,0.1933564416556334
642860,2023-01-30,642860_2023-01-30_104448,157,1.0,True,0.37579830323113894,0.43297789357036714,0.0019257577624623584,9.612149382017506,0.19795516328500706,0.1933564416556334
642860,2023-01-30,642860_2023-01-30_104448,158,1.0,True,0.37579830323113894,0.434069840793311,0.0020829437609415713,11.750391974006709,0.19795516328500706,0.1933564416556334
642860,2023-01-30,642860_2023-01-30_104448,159,1.0,True,0.37579830323113894,0.43524864148754194,0.0016741656973215948,12.191312890641019,0.19795516328500706,0.1933564416556334
642860,2023-01-30,642860_2023-01-30_104448,160,1.0,True,0.37579830323113894,0.43619412883948305,0.0014506964726786057,13.209012907228386,0.19795516328500706,0.1933564416556334
642860,2023-01-30,642860_2023-01-30_104448,161,1.0,True,0.37579830323113894,0.4370120400280599,0.0016983151408633296,12.091292367084733,0.19795516328500706,0.1933564416556334
642860,2023-01-30,642860_2023-01-30_104448,162,1.0,True,0.37579830323113894,0.4379681710046165,0.0022838131334987533,16.0144015219067,0.19795516328500706,0.1933564416556334
642860,2023-01-30,642860_2023-01-30_104448,163,1.0,True,0.37579830323113894,0.4392517466770958,0.002038562782734021,11.655136624472364,0.19795516328500706,0.1933564416556334
642860,2023-01-30,642860_2023-01-30_104448,164,1.0,True,0.37579830323113894,0.4403948671968037,0.002120049544967886,16.649588464575967,0.19795516328500706,0.1933564416556334
642860,2023-01-30,642860_2023-01-30_104448,165,1.0,True,0.37579830323113894,0.44158125780397334,0.002584548914447675,19.407061942938697,0.19795516328500706,0.1933564416556334
642860,2023-01-30,642860_2023-01-30_104448,166,1.0,True,0.37579830323113894,0.4430245183579121,0.002406771348056569,16.13013381926521,0.19795516328500706,0.1933564416556334
642860,2023-01-30,642860_2023-01-30_104448,167,1.0,False,0.37579830323113894,0.4443650309887068,0.0027536236312059306,12.065783446661435,0.19795516328500706,0.1933564416556334
642860,2023-01-30,642860_2023-01-30_104448,168,1.0,False,0.37579830323113894,0.4431414169384905,0.002603840019619855,14.732433334546947,0.19795516328500706,0.1933564416556334
642860,2023-01-30,642860_2023-01-30_104448,169,1.0,True,0.37579830323113894,0.44198754758270925,0.001938065070407277,15.424967068059212,0.19795516328500706,0.1933564416556334
642860,2023-01-30,642860_2023-01-30_104448,170,1.0,True,0.37579830323113894,0.4430690120256033,0.0017586414846035262,16.688570288550657,0.19795516328500706,0.1933564416556334
642860,2023-01-30,642860_2023-01-30_104448,171,1.0,True,0.37579830323113894,0.44404845396512915,0.0026479404884041866,15.895623570065528,0.19795516328500706,0.1933564416556334
642860,2023-01-30,642860_2023-01-30_104448,172,1.0,True,0.37579830323113894,0.44552058057344024,0.004336673656494398,14.176202130917373,0.19795516328500706,0.1933564416556334
642860,2023-01-30,642860_2023-01-30_104448,173,1.0,True,0.37579830323113894,0.44792517686474914,0.005486602548721429,12.201387464845837,0.19795516328500706,0.1933564416556334
642860,2023-01-30,642860_2023-01-30_104448,174,1.0,True,0.37579830323113894,0.45095419199644304,0.005044728599610574,10.119355440217902,0.19795516328500706,0.1933564416556334
642860,2023-01-30,642860_2023-01-30_104448,176,1.0,True,0.37579830323113894,0.4537239790865876,0.005385617448899934,9.815147458144255,0.19795516328500706,0.1933564416556334
642860,2023-01-30,642860_2023-01-30_104448,177,1.0,True,0.37579830323113894,0.4566660127567275,0.006673623488026737,8.98569161430862,0.19795516328500706,0.1933564416556334
642860,2023-01-30,642860_2023-01-30_104448,178,0.0,True,0.37579830323113894,0.46029201921582696,0.007161110030114935,13.045058517533459,0.19795516328500706,0.1933564416556334
642860,2023-01-30,642860_2023-01-30_104448,179,1.0,True,0.3802682802626871,0.46029201921582696,0.009587494855117817,14.064398133423584,0.19795516328500706,0.1933564416556334
642860,2023-01-30,642860_2023-01-30_104448,180,1.0,True,0.3802682802626871,0.4654664667048835,0.007294139793846198,16.205280726674914,0.19795516328500706,0.1933564416556334
642860,2023-01-30,642860_2023-01-30_104448,181,1.0,True,0.3802682802626871,0.4693654290212264,0.0046309421429596275,20.083073598961555,0.19795516328500706,0.1933564416556334
642860,2023-01-30,642860_2023-01-30_104448,182,1.0,True,0.3802682802626871,0.4718227670184739,0.006376488035773259,22.19699782599303,0.19795516328500706,0.1933564416556334
642860,2023-01-30,642860_2023-01-30_104448,183,1.0,True,0.3802682802626871,0.4751906828253523,0.0063348713485921904,25.43574148246319,0.19795516328500706,0.1933564416556334
642860,2023-01-30,642860_2023-01-30_104448,184,1.0,True,0.3802682802626871,0.47851528233219043,0.005277283297080361,27.017312444944004,0.19795516328500706,0.1933564416556334
642860,2023-01-30,642860_2023-01-30_104448,185,1.0,True,0.3802682802626871,0.4812673049224265,0.005925331474190865,20.427174162724153,0.19795516328500706,0.1933564416556334
642860,2023-01-30,642860_2023-01-30_104448,186,0.0,True,0.3802682802626871,0.4843409680872735,0.0050123149476032375,23.223556570105536,0.19795516328500706,0.1933564416556334
642860,2023-01-30,642860_2023-01-30_104448,187,0.0,True,0.3833745708250288,0.4843409680872735,0.00556198643615572,19.77943616679863,0.19795516328500706,0.1933564416556334
642860,2023-01-30,642860_2023-01-30_104448,188,1.0,True,0.38680423309829554,0.4843409680872735,0.0048495553998319845,23.09783786325527,0.19795516328500706,0.1933564416556334
642860,2023-01-30,642860_2023-01-30_104448,189,1.0,True,0.38680423309829554,0.48684168512996334,0.004121127349925887,29.034094183302223,0.19795516328500706,0.1933564416556334
642860,2023-01-30,642860_2023-01-30_104448,190,1.0,True,0.38680423309829554,0.48895647589620245,0.005445914256905097,25.85963973600356,0.19795516328500706,0.1933564416556334
642860,2023-01-30,642860_2023-01-30_104448,191,1.0,True,0.38680423309829554,0.49173957511003596,0.005081983161621374,18.933209977240505,0.19795516328500706,0.1933564416556334
642860,2023-01-30,642860_2023-01-30_104448,192,1.0,True,0.38680423309829554,0.4943225460310395,0.004272113260804282,18.925303154754364,0.19795516328500706,0.1933564416556334
642860,2023-01-30,642860_2023-01-30_104448,193,1.0,True,0.38680423309829554,0.4964828573878298,0.00428773409997079,13.024216958111026,0.19795516328500706,0.1933564416556334
642860,2023-01-30,642860_2023-01-30_104448,194,1.0,True,0.38680423309829554,0.4986418050101223,0.005019794509515784,16.281841938731702,0.19795516328500706,0.1933564416556334
642860,2023-01-30,642860_2023-01-30_104448,195,1.0,True,0.38680423309829554,0.5011585201246217,0.007797860080855935,17.561763983182203,0.19795516328500706,0.1933564416556334
642860,2023-01-30,642860_2023-01-30_104448,196,1.0,True,0.38680423309829554,0.5050484161872335,0.0071154652069140055,13.133770306214327,0.19795516328500706,0.1933564416556334
642860,2023-01-30,642860_2023-01-30_104448,197,1.0,True,0.38680423309829554,0.508570226960955,0.006956327109590211,13.746876523005996,0.19795516328500706,0.1933564416556334
642860,2023-01-30,642860_2023-01-30_104448,198,1.0,True,0.38680423309829554,0.5119887732136023,0.0056129494473479485,15.95243695392366,0.19795516328500706,0.1933564416556334
642860,2023-01-30,642860_2023-01-30_104448,199,1.0,True,0.38680423309829554,0.5147279555592753,0.005100633908293586,21.493288332531584,0.19795516328500706,0.1933564416556334
642860,2023-01-30,642860_2023-01-30_104448,200,1.0,True,0.38680423309829554,0.5172031506039066,0.0058865460149192545,19.38414801002018,0.19795516328500706,0.1933564416556334
642860,2023-01-30,642860_2023-01-30_104448,201,1.0,True,0.38680423309829554,0.5200451564737425,0.0053920204600134605,24.466732087228127,0.19795516328500706,0.1933564416556334
642860,2023-01-30,642860_2023-01-30_104448,202,1.0,True,0.38680423309829554,0.52263308280991,0.005219763097104667,26.73882779300141,0.19795516328500706,0.1933564416556334
642860,2023-01-30,642860_2023-01-30_104448,203,1.0,True,0.38680423309829554,0.5251248250280361,0.005539065724316916,26.405293651876892,0.19795516328500706,0.1933564416556334
642860,2023-01-30,642860_2023-01-30_104448,204,1.0,True,0.38680423309829554,0.5277551898330715,0.0074341913651232985,24.34499644194199,0.19795516328500706,0.1933564416556334
642860,2023-01-30,642860_2023-01-30_104448,205,1.0,True,0.38680423309829554,0.531265948123036,0.007950115823758151,27.01408311362582,0.19795516328500706,0.1933564416556334
642860,2023-01-30,642860_2023-01-30_104448,206,1.0,True,0.38680423309829554,0.5349924381259843,0.006754762493528745,28.37641593929674,0.19795516328500706,0.1933564416556334
642860,2023-01-30,642860_2023-01-30_104448,207,1.0,True,0.38680423309829554,0.5381334537641256,0.006817891493743096,29.140429320861692,0.19795516328500706,0.1933564416556334
642860,2023-01-30,642860_2023-01-30_104448,208,1.0,True,0.38680423309829554,0.5412824097609583,0.007646466119997229,27.88063732023691,0.19795516328500706,0.1933564416556334
642860,2023-01-30,642860_2023-01-30_104448,209,1.0,True,0.38680423309829554,0.5447899782733714,0.007668345752667716,27.688809683486024,0.19795516328500706,0.1933564416556334
642860,2023-01-30,642860_2023-01-30_104448,210,1.0,True,0.38680423309829554,0.5482806861100492,0.008317234256533412,24.172238953540074,0.19795516328500706,0.1933564416556334
642860,2023-01-30,642860_2023-01-30_104448,211,1.0,False,0.38680423309829554,0.5520377414618732,0.011363895778949095,23.832593135580662,0.19795516328500706,0.1933564416556334
642860,2023-01-30,642860_2023-01-30_104448,212,1.0,False,0.38680423309829554,0.5457644421018469,0.00998966906356123,19.89071709476673,0.19795516328500706,0.1933564416556334
642860,2023-01-30,642860_2023-01-30_104448,213,1.0,True,0.38680423309829554,0.5403124359386222,0.014530389751680526,18.49601490492427,0.19795516328500706,0.1933564416556334
642860,2023-01-30,642860_2023-01-30_104448,214,1.0,False,0.38680423309829554,0.5469918754084014,0.01121960071420645,15.223715617921242,0.19795516328500706,0.1933564416556334
642860,2023-01-30,642860_2023-01-30_104448,215,1.0,True,0.38680423309829554,0.5408548449724141,0.010652084870178258,14.328018806378044,0.19795516328500706,0.1933564416556334
642860,2023-01-30,642860_2023-01-30_104448,216,1.0,True,0.38680423309829554,0.5457456981315206,0.007913768719969797,14.82444925813785,0.19795516328500706,0.1933564416556334
642860,2023-01-30,642860_2023-01-30_104448,217,1.0,False,0.38680423309829554,0.5493405616165341,0.007672573250321044,17.83819600129591,0.19795516328500706,0.1933564416556334
642860,2023-01-30,642860_2023-01-30_104448,218,1.0,False,0.38680423309829554,0.5451257059181672,0.00938518643831085,10.512187811208971,0.19795516328500706,0.1933564416556334
642860,2023-01-30,642860_2023-01-30_104448,219,1.0,False,0.38680423309829554,0.5400095995358061,0.010549487558965799,8.943446898050011,0.19795516328500706,0.1933564416556334
642860,2023-01-30,642860_2023-01-30_104448,220,0.0,True,0.38680423309829554,0.5343127749837684,0.011234070775036699,7.668284408665981,0.19795516328500706,0.1933564416556334
642860,2023-01-30,642860_2023-01-30_104448,221,0.0,True,0.3936929177426227,0.5343127749837684,0.010193077938318312,8.85920732353731,0.19795516328500706,0.1933564416556334
642860,2023-01-30,642860_2023-01-30_104448,222,0.0,True,0.3998730530866311,0.5343127749837684,0.010693958255563312,7.577344856501005,0.19795516328500706,0.1933564416556334
642860,2023-01-30,642860_2023-01-30_104448,223,0.0,True,0.4062907856049475,0.5343127749837684,0.010327899517506343,7.183673743589852,0.19795516328500706,0.1933564416556334
642860,2023-01-30,642860_2023-01-30_104448,224,0.0,True,0.4124225547138472,0.5343127749837684,0.011534953880957852,6.30604577433455,0.19795516328500706,0.1933564416556334
642860,2023-01-30,642860_2023-01-30_104448,225,1.0,False,0.4192002334467153,0.5343127749837684,0.016497905842981584,6.40587067621244,0.19795516328500706,0.1933564416556334
642860,2023-01-30,642860_2023-01-30_104448,226,0.0,True,0.4192002334467153,0.5254977331313831,0.014742159978787882,5.66438329850989,0.19795516328500706,0.1933564416556334
642860,2023-01-30,642860_2023-01-30_104448,227,1.0,False,0.42776247652089994,0.5254977331313831,0.013254819754370682,6.809830536533198,0.19795516328500706,0.1933564416556334
642860,2023-01-30,642860_2023-01-30_104448,228,1.0,True,0.42776247652089994,0.5185323553974113,0.01103248972872044,7.483371479561758,0.19795516328500706,0.1933564416556334
642860,2023-01-30,642860_2023-01-30_104448,229,1.0,True,0.42776247652089994,0.5238441422411945,0.012889305185886669,8.451470907002273,0.19795516328500706,0.1933564416556334
642860,2023-01-30,642860_2023-01-30_104448,230,1.0,True,0.42776247652089994,0.529981460407918,0.01392199874271921,7.654770979759596,0.19795516328500706,0.1933564416556334
642860,2023-01-30,642860_2023-01-30_104448,231,0.0,True,0.42776247652089994,0.5365250579251414,0.011548070694666067,6.626002219237188,0.19795516328500706,0.1933564416556334
642860,2023-01-30,642860_2023-01-30_104448,232,1.0,False,0.4343707158961597,0.5365250579251414,0.014823680404300042,6.652038602622233,0.19795516328500706,0.1933564416556334
642860,2023-01-30,642860_2023-01-30_104448,233,1.0,True,0.4343707158961597,0.5285717819375664,0.016472726428651968,7.1087678743030995,0.19795516328500706,0.1933564416556334
642860,2023-01-30,642860_2023-01-30_104448,234,1.0,True,0.4343707158961597,0.5363374900044777,0.021177482067238247,8.797181222077281,0.19795516328500706,0.1933564416556334
642860,2023-01-30,642860_2023-01-30_104448,235,1.0,True,0.4343707158961597,0.5461566944951527,0.015932296493904062,8.454377805624247,0.19795516328500706,0.1933564416556334
642860,2023-01-30,642860_2023-01-30_104448,236,1.0,True,0.4343707158961597,0.5533874606002206,0.014296615408743833,9.181420870634751,0.19795516328500706,0.1933564416556334
642860,2023-01-30,642860_2023-01-30_104448,237,1.0,True,0.4343707158961597,0.5597725083127617,0.01604952596149298,10.50642325213947,0.19795516328500706,0.1933564416556334
642860,2023-01-30,642860_2023-01-30_104448,238,1.0,False,0.4343707158961597,0.5668379508695386,0.015864154514308833,10.744806526598493,0.19795516328500706,0.1933564416556334
642860,2023-01-30,642860_2023-01-30_104448,239,1.0,False,0.4343707158961597,0.5578455460323621,0.01622964626126888,12.930308935138271,0.19795516328500706,0.1933564416556334
642860,2023-01-30,642860_2023-01-30_104448,240,1.0,True,0.4343707158961597,0.548791910151856,0.01587984432466933,10.654448548040646,0.19795516328500706,0.1933564416556334
642860,2023-01-30,642860_2023-01-30_104448,241,1.0,True,0.4343707158961597,0.5559570243766552,0.018284960191006717,11.978886077932755,0.19795516328500706,0.1933564416556334
642860,2023-01-30,642860_2023-01-30_104448,242,1.0,True,0.4343707158961597,0.5640763325090216,0.015316826076602296,9.378549212091398,0.19795516328500706,0.1933564416556334
642860,2023-01-30,642860_2023-01-30_104448,243,1.0,False,0.4343707158961597,0.5707532995066833,0.013506681678439913,12.980241089559534,0.19795516328500706,0.1933564416556334
642860,2023-01-30,642860_2023-01-30_104448,244,1.0,False,0.4343707158961597,0.5630443163733004,0.013172646951024594,14.327872122590787,0.19795516328500706,0.1933564416556334
642860,2023-01-30,642860_2023-01-30_104448,245,1.0,False,0.4343707158961597,0.5556275323759525,0.01061042776327387,10.5549345337421,0.19795516328500706,0.1933564416556334
642860,2023-01-30,642860_2023-01-30_104448,246,1.0,False,0.4343707158961597,0.5497320865804005,0.0106620952804692,8.786119526532953,0.19795516328500706,0.1933564416556334
642860,2023-01-30,642860_2023-01-30_104448,247,1.0,False,0.4343707158961597,0.5438707906945405,0.009869725714538114,11.882653461495138,0.19795516328500706,0.1933564416556334
642860,2023-01-30,642860_2023-01-30_104448,248,0.0,True,0.4343707158961597,0.5385029351662155,0.011166889525372689,11.68140903550511,0.19795516328500706,0.1933564416556334
642860,2023-01-30,642860_2023-01-30_104448,249,1.0,False,0.4406870356240591,0.5385029351662155,0.010439474580332541,13.161603892691385,0.19795516328500706,0.1933564416556334
642860,2023-01-30,642860_2023-01-30_104448,250,0.0,True,0.4406870356240591,0.5328812474631358,0.011654142886181603,12.718713913113588,0.19795516328500706,0.1933564416556334
642860,2023-01-30,642860_2023-01-30_104448,251,1.0,False,0.44720534882900703,0.5328812474631358,0.009618989607226638,14.81597916247452,0.19795516328500706,0.1933564416556334
642860,2023-01-30,642860_2023-01-30_104448,252,1.0,False,0.44720534882900703,0.5277554682818757,0.010055086848403639,11.25751417990736,0.19795516328500706,0.1933564416556334
642860,2023-01-30,642860_2023-01-30_104448,253,1.0,True,0.44720534882900703,0.5224488412136102,0.005731377884511126,9.099667009274295,0.19795516328500706,0.1933564416556334
642860,2023-01-30,642860_2023-01-30_104448,254,0.0,True,0.44720534882900703,0.5251858673638004,0.00416609836445047,9.200317934398255,0.19795516328500706,0.1933564416556334
642860,2023-01-30,642860_2023-01-30_104448,255,0.0,True,0.4495083457211316,0.5251858673638004,0.004091215251015487,10.07250800544716,0.19795516328500706,0.1933564416556334
642860,2023-01-30,642860_2023-01-30_104448,256,0.0,True,0.45176052557266194,0.5251858673638004,0.003433206967682088,8.258830695862613,0.19795516328500706,0.1933564416556334
642860,2023-01-30,642860_2023-01-30_104448,257,1.0,True,0.4536427451562283,0.5251858673638004,0.003767964303644505,11.113515391391314,0.19795516328500706,0.1933564416556334
642860,2023-01-30,642860_2023-01-30_104448,258,0.0,True,0.4536427451562283,0.5269749500664325,0.0031605368301569165,17.319571367398908,0.19795516328500706,0.1933564416556334
642860,2023-01-30,642860_2023-01-30_104448,259,1.0,True,0.4553695273825731,0.5269749500664325,0.0031900544652876837,17.866210240631908,0.19795516328500706,0.1933564416556334
642860,2023-01-30,642860_2023-01-30_104448,260,1.0,True,0.4553695273825731,0.5284839257391538,0.0026075208302270515,18.270644858950536,0.19795516328500706,0.1933564416556334
642860,2023-01-30,642860_2023-01-30_104448,261,1.0,True,0.4553695273825731,0.5297134137245989,0.0029623746370207905,16.45534246661853,0.19795516328500706,0.1933564416556334
642860,2023-01-30,642860_2023-01-30_104448,262,1.0,True,0.4553695273825731,0.531106578779911,0.0029678540227912756,22.124100143343405,0.19795516328500706,0.1933564416556334
642860,2023-01-30,642860_2023-01-30_104448,263,1.0,True,0.4553695273825731,0.5324981860063354,0.0029262682061117636,22.777461014993712,0.19795516328500706,0.1933564416556334
642860,2023-01-30,642860_2023-01-30_104448,264,1.0,True,0.4553695273825731,0.5338662217009186,0.002933123912591203,20.447265929931298,0.19795516328500706,0.1933564416556334
642860,2023-01-30,642860_2023-01-30_104448,265,1.0,True,0.4553695273825731,0.5352334498325053,0.002659325991183694,27.82701511568723,0.19795516328500706,0.1933564416556334
642860,2023-01-30,642860_2023-01-30_104448,266,1.0,True,0.4553695273825731,0.5364694155991929,0.0026619143742808928,34.32783523346557,0.19795516328500706,0.1933564416556334
642860,2023-01-30,642860_2023-01-30_104448,267,1.0,True,0.4553695273825731,0.5377032943247309,0.0035787272977671892,31.54965717530794,0.19795516328500706,0.1933564416556334
642860,2023-01-30,642860_2023-01-30_104448,268,1.0,True,0.4553695273825731,0.5393577281649953,0.002707659442054523,36.25923531416368,0.19795516328500706,0.1933564416556334
642860,2023-01-30,642860_2023-01-30_104448,269,1.0,True,0.4553695273825731,0.5406049905617469,0.002035048411436018,36.46370202341473,0.19795516328500706,0.1933564416556334
642860,2023-01-30,642860_2023-01-30_104448,270,0.0,False,0.4553695273825731,0.5415398816459196,0.0016930908356738654,25.514659728811093,0.19795516328500706,0.1933564416556334
642860,2023-01-30,642860_2023-01-30_104448,271,1.0,True,0.4545985454089191,0.5415398816459196,0.0015979744085582827,31.716367705477886,0.19795516328500706,0.1933564416556334
642860,2023-01-30,642860_2023-01-30_104448,272,1.0,True,0.4545985454089191,0.54227248918241,0.001313197026005948,33.99673894965906,0.19795516328500706,0.1933564416556334
642860,2023-01-30,642860_2023-01-30_104448,273,1.0,True,0.4545985454089191,0.5428735755883446,0.0017336632936970134,27.996800313672676,0.19795516328500706,0.1933564416556334
642860,2023-01-30,642860_2023-01-30_104448,274,1.0,True,0.4545985454089191,0.5436660788909297,0.0016222201979126832,23.831237711498655,0.19795516328500706,0.1933564416556334
642860,2023-01-30,642860_2023-01-30_104448,275,1.0,True,0.4545985454089191,0.5444063529947409,0.0013702198601174412,28.784677855622782,0.19795516328500706,0.1933564416556334
642860,2023-01-30,642860_2023-01-30_104448,276,1.0,True,0.4545985454089191,0.5450306164580053,0.0014150572188941586,30.585834397625963,0.19795516328500706,0.1933564416556334
642860,2023-01-30,642860_2023-01-30_104448,277,1.0,True,0.4545985454089191,0.5456744241685436,0.00143424922390423,25.36037389282469,0.19795516328500706,0.1933564416556334
642860,2023-01-30,642860_2023-01-30_104448,278,1.0,True,0.4545985454089191,0.546326040273101,0.0018778133829817347,26.71910466360709,0.19795516328500706,0.1933564416556334
642860,2023-01-30,642860_2023-01-30_104448,279,1.0,True,0.4545985454089191,0.5471779553061835,0.001610791480219247,28.805628946582097,0.19795516328500706,0.1933564416556334
642860,2023-01-30,642860_2023-01-30_104448,280,1.0,True,0.4545985454089191,0.5479073571978094,0.001479078148786972,21.187071685950198,0.19795516328500706,0.1933564416556334
642860,2023-01-30,642860_2023-01-30_104448,281,1.0,True,0.4545985454089191,0.5485760375470297,0.0015355170292482032,19.22729921031794,0.19795516328500706,0.1933564416556334
642860,2023-01-30,642860_2023-01-30_104448,282,1.0,True,0.4545985454089191,0.5492692067287824,0.0013475092227867357,24.913329039561923,0.19795516328500706,0.1933564416556334
642860,2023-01-30,642860_2023-01-30_104448,283,1.0,True,0.4545985454089191,0.549876570629716,0.0016791920059227856,22.69118491278357,0.19795516328500706,0.1933564416556334
642860,2023-01-30,642860_2023-01-30_104448,284,1.0,True,0.4545985454089191,0.5506324142939935,0.0023005133514184357,23.925899555773377,0.19795516328500706,0.1933564416556334
642860,2023-01-30,642860_2023-01-30_104448,285,1.0,True,0.4545985454089191,0.5516661904246053,0.0020809823485351047,31.007774243529205,0.19795516328500706,0.1933564416556334
642860,2023-01-30,642860_2023-01-30_104448,286,1.0,False,0.4545985454089191,0.5525991651685532,0.0019819637717178235,41.49276710971453,0.19795516328500706,0.1933564416556334
642860,2023-01-30,642860_2023-01-30_104448,287,1.0,True,0.4545985454089191,0.5515039336429409,0.0020836037345227203,46.99625957614978,0.19795516328500706,0.1933564416556334
642860,2023-01-30,642860_2023-01-30_104448,288,1.0,True,0.4545985454089191,0.5524384217217158,0.0022302312809806065,51.30293806434634,0.19795516328500706,0.1933564416556334
642860,2023-01-30,642860_2023-01-30_104448,289,1.0,True,0.4545985454089191,0.5534365875537398,0.002722557063034252,45.02156705285243,0.19795516328500706,0.1933564416556334
642860,2023-01-30,642860_2023-01-30_104448,290,1.0,False,0.4545985454089191,0.5546523819264095,0.0020240520669947758,67.37902918101052,0.19795516328500706,0.1933564416556334
642860,2023-01-30,642860_2023-01-30_104448,291,1.0,False,0.4545985454089191,0.553529736626281,0.002278452239884127,62.07462637674302,0.19795516328500706,0.1933564416556334
642860,2023-01-30,642860_2023-01-30_104448,292,1.0,False,0.4545985454089191,0.552268545558036,0.00199319531659426,59.318631050736265,0.19795516328500706,0.1933564416556334
642860,2023-01-30,642860_2023-01-30_104448,293,1.0,True,0.4545985454089191,0.551167766479545,0.0019196599673120093,75.52159454762696,0.19795516328500706,0.1933564416556334
642860,2023-01-30,642860_2023-01-30_104448,294,1.0,True,0.4545985454089191,0.5520293717502496,0.002065558893487448,83.45063325333479,0.19795516328500706,0.1933564416556334
642860,2023-01-30,642860_2023-01-30_104448,295,1.0,True,0.4545985454089191,0.5529546814654743,0.0031745236258098686,69.23967983861257,0.19795516328500706,0.1933564416556334
642860,2023-01-30,642860_2023-01-30_104448,296,1.0,False,0.4545985454089191,0.5543738373909352,0.0025730983498349104,50.25522857994656,0.19795516328500706,0.1933564416556334
642860,2023-01-30,642860_2023-01-30_104448,297,1.0,True,0.4545985454089191,0.5529473789847613,0.003028082887865397,41.955022518318735,0.19795516328500706,0.1933564416556334
642860,2023-01-30,642860_2023-01-30_104448,298,1.0,False,0.4545985454089191,0.5543010913764546,0.0034445173721995162,41.51641235560561,0.19795516328500706,0.1933564416556334
642860,2023-01-30,642860_2023-01-30_104448,299,1.0,True,0.4545985454089191,0.5523917916377735,0.0030666985676836506,37.71409206333885,0.19795516328500706,0.1933564416556334
642860,2023-01-30,642860_2023-01-30_104448,300,1.0,True,0.4545985454089191,0.5537644710892401,0.0032442701982676046,23.840979621131748,0.19795516328500706,0.1933564416556334
642860,2023-01-30,642860_2023-01-30_104448,301,1.0,True,0.4545985454089191,0.5552121797170786,0.003132496911566135,24.788714913147153,0.19795516328500706,0.1933564416556334
642860,2023-01-30,642860_2023-01-30_104448,302,1.0,True,0.4545985454089191,0.5566054761904169,0.004751336936590127,27.635353117694873,0.19795516328500706,0.1933564416556334
642860,2023-01-30,642860_2023-01-30_104448,303,1.0,True,0.4545985454089191,0.5587121929688759,0.005342149362503178,38.50933730906196,0.19795516328500706,0.1933564416556334
642860,2023-01-30,642860_2023-01-30_104448,304,1.0,True,0.4545985454089191,0.5610696183458945,0.004023273925928861,37.364003311658465,0.19795516328500706,0.1933564416556334
642860,2023-01-30,642860_2023-01-30_104448,305,1.0,True,0.4545985454089191,0.5628355555056977,0.0051044385385902976,35.56729209041345,0.19795516328500706,0.1933564416556334
642860,2023-01-30,642860_2023-01-30_104448,306,1.0,True,0.4545985454089191,0.5650670345438666,0.005098626228708802,47.80307150384238,0.19795516328500706,0.1933564416556334
642860,2023-01-30,642860_2023-01-30_104448,307,1.0,True,0.4545985454089191,0.5672845951692989,0.005408818705190997,50.34849887925695,0.19795516328500706,0.1933564416556334
642860,2023-01-30,642860_2023-01-30_104448,308,1.0,True,0.4545985454089191,0.569625074344945,0.005387971748114187,51.79658074082646,0.19795516328500706,0.1933564416556334
642860,2023-01-30,642860_2023-01-30_104448,309,1.0,True,0.4545985454089191,0.5719439222854997,0.005660418349599219,46.112180796005006,0.19795516328500706,0.1933564416556334
642860,2023-01-30,642860_2023-01-30_104448,310,1.0,True,0.4545985454089191,0.5743668987624582,0.006448439577649914,32.573296877763276,0.19795516328500706,0.1933564416556334
642860,2023-01-30,642860_2023-01-30_104448,311,1.0,False,0.4545985454089191,0.5771115680979955,0.005666606124712918,29.884863009687727,0.19795516328500706,0.1933564416556334
642860,2023-01-30,642860_2023-01-30_104448,312,1.0,True,0.4545985454089191,0.573841304151609,0.006120802764578652,38.60174501923279,0.19795516328500706,0.1933564416556334
642860,2023-01-30,642860_2023-01-30_104448,313,1.0,False,0.4545985454089191,0.5764497374752865,0.004874681151189046,33.84576168793705,0.19795516328500706,0.1933564416556334
642860,2023-01-30,642860_2023-01-30_104448,314,1.0,False,0.4545985454089191,0.5736397288054271,0.004421863637489538,37.174107667828196,0.19795516328500706,0.1933564416556334
642860,2023-01-30,642860_2023-01-30_104448,315,1.0,False,0.4545985454089191,0.5711031721475677,0.005570805241341155,43.15485277116566,0.19795516328500706,0.1933564416556334
642860,2023-01-30,642860_2023-01-30_104448,316,1.0,False,0.4545985454089191,0.5679216676028335,0.006922280442442364,53.37038690998771,0.19795516328500706,0.1933564416556334
642860,2023-01-30,642860_2023-01-30_104448,317,1.0,False,0.4545985454089191,0.5639903545503556,0.006738502410637,55.84589642894002,0.19795516328500706,0.1933564416556334
642860,2023-01-30,642860_2023-01-30_104448,318,1.0,False,0.4545985454089191,0.5601899041866208,0.008637378872168117,55.68066166982877,0.19795516328500706,0.1933564416556334
642860,2023-01-30,642860_2023-01-30_104448,319,0.0,True,0.4545985454089191,0.5553513317438235,0.007895370558612527,42.729672694423925,0.19795516328500706,0.1933564416556334
642860,2023-01-30,642860_2023-01-30_104448,320,1.0,False,0.45890469199613315,0.5553513317438235,0.006587704744533547,36.38730006102362,0.19795516328500706,0.1933564416556334
642860,2023-01-30,642860_2023-01-30_104448,321,1.0,False,0.45890469199613315,0.551692841140808,0.007100659664725394,34.6959472369724,0.19795516328500706,0.1933564416556334
642860,2023-01-30,642860_2023-01-30_104448,323,1.0,False,0.45890469199613315,0.5477754580364174,0.011594774056960506,28.603583621150616,0.19795516328500706,0.1933564416556334
642860,2023-01-30,642860_2023-01-30_104448,325,1.0,True,0.45890469199613315,0.5414241253664971,0.012694340406505546,22.450745468940532,0.19795516328500706,0.1933564416556334
642860,2023-01-30,642860_2023-01-30_104448,329,0.0,False,0.45890469199613315,0.5472454436213355,0.01554032205472115,22.544764071337685,0.19795516328500706,0.1933564416556334
642860,2023-01-30,642860_2023-01-30_104448,336,1.0,True,0.4517731652900898,0.5472454436213355,0.02012792386151488,29.84900635860417,0.19795516328500706,0.1933564416556334
642860,2023-01-30,642860_2023-01-30_104448,337,1.0,False,0.4517731652900898,0.5563584528600793,0.023267512701051492,26.700061502446005,0.19795516328500706,0.1933564416556334
642860,2023-01-30,642860_2023-01-30_104448,338,1.0,True,0.4517731652900898,0.5434133754918095,0.024807870820734157,25.744743583207253,0.19795516328500706,0.1933564416556334
642860,2023-01-30,642860_2023-01-30_104448,339,1.0,False,0.4517731652900898,0.5547403174911013,0.02538148454856876,22.083917399021885,0.19795516328500706,0.1933564416556334
642860,2023-01-30,642860_2023-01-30_104448,340,1.0,False,0.4517731652900898,0.5406601846941971,0.02733394820615565,23.87434637096462,0.19795516328500706,0.1933564416556334
642860,2023-01-30,642860_2023-01-30_104448,341,1.0,False,0.4517731652900898,0.5258818072086417,0.03624395438829448,28.418200183808327,0.19795516328500706,0.1933564416556334
642860,2023-01-30,642860_2023-01-30_104448,343,1.0,True,0.4517731652900898,0.5068217709745423,0.037861613449235054,29.7017811750783,0.19795516328500706,0.1933564416556334
642860,2023-01-30,642860_2023-01-30_104448,344,1.0,False,0.4517731652900898,0.5254942944435101,0.044766775303566,29.781406416512688,0.19795516328500706,0.1933564416556334
642860,2023-01-30,642860_2023-01-30_104448,346,1.0,True,0.4517731652900898,0.5019696094408345,0.043719845191511016,35.449892832020154,0.19795516328500706,0.1933564416556334
642860,2023-01-30,642860_2023-01-30_104448,347,1.0,True,0.4517731652900898,0.5237434210167656,0.027188038989515224,44.31546253790196,0.19795516328500706,0.1933564416556334
642860,2023-01-30,642860_2023-01-30_104448,348,1.0,False,0.4517731652900898,0.536691903455143,0.023078470259745017,55.03086303864212,0.19795516328500706,0.1933564416556334
642860,2023-01-30,642860_2023-01-30_104448,349,1.0,False,0.4517731652900898,0.524305875322625,0.02427237043986871,57.54396202110107,0.19795516328500706,0.1933564416556334
642860,2023-01-30,642860_2023-01-30_104448,350,1.0,True,0.4517731652900898,0.5115797288929963,0.03145232918358122,63.62827351669579,0.19795516328500706,0.1933564416556334
642860,2023-01-30,642860_2023-01-30_104448,351,1.0,True,0.4517731652900898,0.526941684039791,0.03748521664753389,69.26802701122473,0.19795516328500706,0.1933564416556334
642860,2023-01-30,642860_2023-01-30_104448,352,1.0,True,0.4517731652900898,0.5446743775004569,0.033172568198287525,69.58188151109479,0.19795516328500706,0.1933564416556334
642860,2023-01-30,642860_2023-01-30_104448,353,1.0,True,0.4517731652900898,0.5597786977652695,0.018965801845317733,88.01161251151366,0.19795516328500706,0.1933564416556334
642860,2023-01-30,642860_2023-01-30_104448,354,1.0,True,0.4517731652900898,0.5681278477515251,0.022492699213872754,100.0,0.19795516328500706,0.1933564416556334
642860,2023-01-30,642860_2023-01-30_104448,355,1.0,True,0.4517731652900898,0.5778418181708977,0.02468529548456213,100.0,0.19795516328500706,0.1933564416556334
642860,2023-01-30,642860_2023-01-30_104448,356,1.0,False,0.4517731652900898,0.5882629176305747,0.02174336267491272,96.85395596182141,0.19795516328500706,0.1933564416556334
642860,2023-01-30,642860_2023-01-30_104448,357,1.0,True,0.4517731652900898,0.5754721036643358,0.023775453689217293,94.09241896921695,0.19795516328500706,0.1933564416556334
642860,2023-01-30,642860_2023-01-30_104448,358,1.0,False,0.4517731652900898,0.5855654470034387,0.01849623957253993,97.3187322026233,0.19795516328500706,0.1933564416556334
642860,2023-01-30,642860_2023-01-30_104448,359,1.0,True,0.4517731652900898,0.5747346882102673,0.01633620643000705,100.0,0.19795516328500706,0.1933564416556334
642860,2023-01-30,642860_2023-01-30_104448,360,1.0,False,0.4517731652900898,0.581681910131206,0.01758933738078467,100.0,0.19795516328500706,0.1933564416556334
642860,2023-01-30,642860_2023-01-30_104448,361,1.0,False,0.4517731652900898,0.5714505107655764,0.016171777918672064,100.0,0.19795516328500706,0.1933564416556334
642860,2023-01-30,642860_2023-01-30_104448,362,1.0,False,0.4517731652900898,0.5622091400139994,0.018916123037729833,100.0,0.19795516328500706,0.1933564416556334
642860,2023-01-30,642860_2023-01-30_104448,364,1.0,True,0.4517731652900898,0.551574322748558,0.018363304346951406,100.0,0.19795516328500706,0.1933564416556334
642860,2023-01-30,642860_2023-01-30_104448,365,1.0,True,0.4517731652900898,0.5598088999369045,0.017941517090878267,100.0,0.19795516328500706,0.1933564416556334
642860,2023-01-30,642860_2023-01-30_104448,366,1.0,False,0.4517731652900898,0.5677065960819361,0.02086759163918721,100.0,0.19795516328500706,0.1933564416556334
642860,2023-01-30,642860_2023-01-30_104448,367,1.0,True,0.4517731652900898,0.5558599266640036,0.01672020262401466,100.0,0.19795516328500706,0.1933564416556334
642860,2023-01-30,642860_2023-01-30_104448,368,1.0,False,0.4517731652900898,0.563286038683628,0.01769291664895034,100.0,0.19795516328500706,0.1933564416556334
642860,2023-01-30,642860_2023-01-30_104448,369,1.0,True,0.4517731652900898,0.5533198657517114,0.02374412413982949,100.0,0.19795516328500706,0.1933564416556334
642860,2023-01-30,642860_2023-01-30_104448,370,1.0,True,0.4517731652900898,0.5639258943100732,0.019317910268809083,100.0,0.19795516328500706,0.1933564416556334
642860,2023-01-30,642860_2023-01-30_104448,371,1.0,True,0.4517731652900898,0.5723499347543561,0.01315862936737672,100.0,0.19795516328500706,0.1933564416556334
642860,2023-01-30,642860_2023-01-30_104448,372,1.0,True,0.4517731652900898,0.5779772234618572,0.014754431785295532,97.976983964185,0.19795516328500706,0.1933564416556334
642860,2023-01-30,642860_2023-01-30_104448,373,1.0,True,0.4517731652900898,0.5842039297301387,0.02073352348180532,92.49841571261345,0.19795516328500706,0.1933564416556334
642860,2023-01-30,642860_2023-01-30_104448,374,1.0,True,0.4517731652900898,0.592824847316706,0.020626691980786878,89.51152690954196,0.19795516328500706,0.1933564416556334
642860,2023-01-30,642860_2023-01-30_104448,375,1.0,True,0.4517731652900898,0.6012235237733417,0.02568824948291005,80.20194298056708,0.19795516328500706,0.1933564416556334
642860,2023-01-30,642860_2023-01-30_104448,376,1.0,True,0.4517731652900898,0.6114673933825558,0.03230555597745928,61.49838625841952,0.19795516328500706,0.1933564416556334
642860,2023-01-30,642860_2023-01-30_104448,377,1.0,False,0.4517731652900898,0.6240191552547022,0.03464779620920528,57.16845383337056,0.19795516328500706,0.1933564416556334
642860,2023-01-30,642860_2023-01-30_104448,378,1.0,False,0.4517731652900898,0.602398266732822,0.02768277366815997,63.68985062841238,0.19795516328500706,0.1933564416556334
642860,2023-01-30,642860_2023-01-30_104448,379,1.0,True,0.4517731652900898,0.5857222118567363,0.031166434174383455,63.96133469018043,0.19795516328500706,0.1933564416556334
642860,2023-01-30,642860_2023-01-30_104448,380,1.0,False,0.4517731652900898,0.5986337732708443,0.03263311397532991,44.279526220447735,0.19795516328500706,0.1933564416556334
642860,2023-01-30,642860_2023-01-30_104448,381,1.0,True,0.4517731652900898,0.5790984891182152,0.03289049038910613,45.73465041312556,0.19795516328500706,0.1933564416556334
642860,2023-01-30,642860_2023-01-30_104448,382,1.0,True,0.4517731652900898,0.5929421462166148,0.028782921086235366,33.765987182592305,0.19795516328500706,0.1933564416556334
642860,2023-01-30,642860_2023-01-30_104448,383,1.0,False,0.4517731652900898,0.6046584602995854,0.033917281392877925,30.965880981093942,0.19795516328500706,0.1933564416556334
642860,2023-01-30,642860_2023-01-30_104448,384,1.0,True,0.4517731652900898,0.5841500891550345,0.03561011917400698,32.1917819698607,0.19795516328500706,0.1933564416556334
642860,2023-01-30,642860_2023-01-30_104448,385,1.0,True,0.4517731652900898,0.5989585540387371,0.030607923671678368,33.42664805059957,0.19795516328500706,0.1933564416556334
642860,2023-01-30,642860_2023-01-30_104448,386,1.0,True,0.4517731652900898,0.6112336000058957,0.020523779605975977,31.67476129643105,0.19795516328500706,0.1933564416556334
642860,2023-01-30,642860_2023-01-30_104448,387,1.0,True,0.4517731652900898,0.6192125559175585,0.017840852602134392,23.93513677846371,0.19795516328500706,0.1933564416556334
642860,2023-01-30,642860_2023-01-30_104448,388,1.0,True,0.4517731652900898,0.6260061285802042,0.020730672269763488,24.630930286788033,0.19795516328500706,0.1933564416556334
642860,2023-01-30,642860_2023-01-30_104448,389,1.0,True,0.4517731652900898,0.6337592729595084,0.024312186750802444,27.107854944100602,0.19795516328500706,0.1933564416556334
642860,2023-01-30,642860_2023-01-30_104448,390,1.0,True,0.4517731652900898,0.6426633859110704,0.020839534634315284,31.749654163014046,0.19795516328500706,0.1933564416556334
642860,2023-01-30,642860_2023-01-30_104448,391,1.0,False,0.4517731652900898,0.6501101146564849,0.02498237795907225,23.788004945631567,0.19795516328500706,0.1933564416556334
642860,2023-01-30,642860_2023-01-30_104448,393,1.0,True,0.4517731652900898,0.6338688180570905,0.028300714434374485,26.662319187294436,0.19795516328500706,0.1933564416556334
642860,2023-01-30,642860_2023-01-30_104448,394,1.0,False,0.4517731652900898,0.6442305920827734,0.03130980960584484,36.63441585465319,0.19795516328500706,0.1933564416556334
642860,2023-01-30,642860_2023-01-30_104448,395,1.0,True,0.4517731652900898,0.6240598549024078,0.029403225597056496,47.34410821647378,0.19795516328500706,0.1933564416556334
642860,2023-01-30,642860_2023-01-30_104448,396,1.0,True,0.4517731652900898,0.635113707799722,0.031054866324526347,69.03171955523838,0.19795516328500706,0.1933564416556334
642860,2023-01-30,642860_2023-01-30_104448,397,1.0,True,0.4517731652900898,0.646445202827636,0.031249844386150034,75.0051215470015,0.19795516328500706,0.1933564416556334
642860,2023-01-30,642860_2023-01-30_104448,398,1.0,True,0.4517731652900898,0.657493735221243,0.024571170631927403,72.39684246300132,0.19795516328500706,0.1933564416556334
642860,2023-01-30,642860_2023-01-30_104448,399,1.0,True,0.4517731652900898,0.6659095150956538,0.020009738675969384,74.76182040909714,0.19795516328500706,0.1933564416556334
642860,2023-01-30,642860_2023-01-30_104448,400,1.0,False,0.4517731652900898,0.6725945783927044,0.019866595494941734,67.47245618827186,0.19795516328500706,0.1933564416556334
642860,2023-01-30,642860_2023-01-30_104448,401,1.0,True,0.4517731652900898,0.6592324139716983,0.02244653147412078,52.38851657694026,0.19795516328500706,0.1933564416556334
642860,2023-01-30,642860_2023-01-30_104448,402,1.0,True,0.4517731652900898,0.6668814643168179,0.02152670983064583,62.71711151336818,0.19795516328500706,0.1933564416556334
642860,2023-01-30,642860_2023-01-30_104448,403,1.0,True,0.4517731652900898,0.6740524103736621,0.023566908384739464,63.205031226605406,0.19795516328500706,0.1933564416556334
642860,2023-01-30,642860_2023-01-30_104448,404,1.0,True,0.4517731652900898,0.6817339873566582,0.020633307098325483,86.43911441004879,0.19795516328500706,0.1933564416556334
642860,2023-01-30,642860_2023-01-30_104448,405,1.0,True,0.4517731652900898,0.6883008677344771,0.020174532698775862,67.2992980615052,0.19795516328500706,0.1933564416556334
642860,2023-01-30,642860_2023-01-30_104448,406,1.0,True,0.4517731652900898,0.6945892520705227,0.021033050810003555,70.53696349549776,0.19795516328500706,0.1933564416556334
642860,2023-01-30,642860_2023-01-30_104448,407,1.0,True,0.4517731652900898,0.7010129718496517,0.016549167710715105,66.79855071979992,0.19795516328500706,0.1933564416556334
642860,2023-01-30,642860_2023-01-30_104448,408,1.0,True,0.4517731652900898,0.7059609583218406,0.014086359712460242,65.44551666766914,0.19795516328500706,0.1933564416556334
642860,2023-01-30,642860_2023-01-30_104448,409,1.0,True,0.4517731652900898,0.7101028980324489,0.012142259585726253,72.67340816427964,0.19795516328500706,0.1933564416556334
642860,2023-01-30,642860_2023-01-30_104448,410,1.0,True,0.4517731652900898,0.7136229038976634,0.013286954466987801,100.0,0.19795516328500706,0.1933564416556334
642860,2023-01-30,642860_2023-01-30_104448,411,1.0,True,0.4517731652900898,0.7174279833339793,0.013324368450748006,59.378423319211734,0.19795516328500706,0.1933564416556334
642860,2023-01-30,642860_2023-01-30_104448,412,1.0,True,0.4517731652900898,0.7211930769979061,0.011581982403437215,79.59237817560026,0.19795516328500706,0.1933564416556334
642860,2023-01-30,642860_2023-01-30_104448,413,1.0,True,0.4517731652900898,0.7244222138740551,0.010915931312565267,58.53983707175734,0.19795516328500706,0.1933564416556334
642860,2023-01-30,642860_2023-01-30_104448,414,1.0,True,0.4517731652900898,0.7274304020586694,0.014041227529424468,57.89534170096934,0.19795516328500706,0.1933564416556334
642860,2023-01-30,642860_2023-01-30_104448,415,1.0,True,0.4517731652900898,0.7312576138009778,0.009889562787143343,51.76681451814644,0.19795516328500706,0.1933564416556334
642860,2023-01-30,642860_2023-01-30_104448,416,1.0,True,0.4517731652900898,0.7339153585028519,0.014509808110742178,54.35220993777095,0.19795516328500706,0.1933564416556334
642860,2023-01-30,642860_2023-01-30_104448,417,1.0,True,0.4517731652900898,0.7377761955922261,0.022504883174854162,59.473715487803915,0.19795516328500706,0.1933564416556334
642860,2023-01-30,642860_2023-01-30_104448,418,1.0,True,0.4517731652900898,0.7436775116760719,0.024225998752234294,52.08629124030244,0.19795516328500706,0.1933564416556334
642860,2023-01-30,642860_2023-01-30_104448,419,1.0,True,0.4517731652900898,0.7498871799583757,0.027987587935512075,62.252353329259535,0.19795516328500706,0.1933564416556334
642860,2023-01-30,642860_2023-01-30_104448,420,1.0,True,0.4517731652900898,0.7568872345030853,0.021998312393474655,65.20206167904635,0.19795516328500706,0.1933564416556334
642860,2023-01-30,642860_2023-01-30_104448,421,1.0,True,0.4517731652900898,0.7622353050653538,0.024459722412289726,52.208081260899874,0.19795516328500706,0.1933564416556334
642860,2023-01-30,642860_2023-01-30_104448,422,1.0,True,0.4517731652900898,0.768050963502895,0.023371671574990267,57.50712939268566,0.19795516328500706,0.1933564416556334
642860,2023-01-30,642860_2023-01-30_104448,423,1.0,True,0.4517731652900898,0.7734720002060086,0.03357916987196562,62.26899154098829,0.19795516328500706,0.1933564416556334
642860,2023-01-30,642860_2023-01-30_104448,424,1.0,True,0.4517731652900898,0.7810786223918582,0.048938007925354125,55.47438931183142,0.19795516328500706,0.1933564416556334
642860,2023-01-30,642860_2023-01-30_104448,425,1.0,True,0.4517731652900898,0.7917921985042601,0.04550558093408155,61.69525108200886,0.19795516328500706,0.1933564416556334
642860,2023-01-30,642860_2023-01-30_104448,426,1.0,True,0.4517731652900898,0.8012668154663288,0.04751874275860748,74.43464003748663,0.19795516328500706,0.1933564416556334
642860,2023-01-30,642860_2023-01-30_104448,427,1.0,True,0.4517731652900898,0.8107103665397754,0.0568384574115205,92.36201667256151,0.19795516328500706,0.1933564416556334
642860,2023-01-30,642860_2023-01-30_104448,428,1.0,False,0.4517731652900898,0.8214692973096865,0.07720272177104039,82.16272484732147,0.19795516328500706,0.1933564416556334
642860,2023-01-30,642860_2023-01-30_104448,429,1.0,False,0.4517731652900898,0.7580496317060262,0.08730999097854855,55.16976029107345,0.19795516328500706,0.1933564416556334
642860,2023-01-30,642860_2023-01-30_104448,430,1.0,False,0.4517731652900898,0.6918643252004986,0.08464653584145743,61.713530685511145,0.19795516328500706,0.1933564416556334
642860,2023-01-30,642860_2023-01-30_104448,431,1.0,False,0.4517731652900898,0.6333004067999802,0.07692442305611388,68.46594192572528,0.19795516328500706,0.1933564416556334
642860,2023-01-30,642860_2023-01-30_104448,432,1.0,False,0.4517731652900898,0.5845841383856996,0.050657139881581124,95.6237684407071,0.19795516328500706,0.1933564416556334
642860,2023-01-30,642860_2023-01-30_104448,433,1.0,False,0.4517731652900898,0.5549707779149375,0.04294269172838154,58.82159511471397,0.19795516328500706,0.1933564416556334
642860,2023-01-30,642860_2023-01-30_104448,434,1.0,True,0.4517731652900898,0.531138838880672,0.03977086631004857,61.70987940221304,0.19795516328500706,0.1933564416556334
642860,2023-01-30,642860_2023-01-30_104448,435,1.0,False,0.4517731652900898,0.5497858534375031,0.04607409953595021,63.69890952651191,0.19795516328500706,0.1933564416556334
642860,2023-01-30,642860_2023-01-30_104448,436,1.0,False,0.4517731652900898,0.524454965302768,0.04114100596457421,62.18792144473846,0.19795516328500706,0.1933564416556334
642860,2023-01-30,642860_2023-01-30_104448,437,1.0,False,0.4517731652900898,0.5028783604470923,0.03673874825988195,62.086022708319994,0.19795516328500706,0.1933564416556334
642860,2023-01-30,642860_2023-01-30_104448,438,1.0,False,0.4517731652900898,0.48440323895728016,0.033966527108022934,57.57411972248506,0.19795516328500706,0.1933564416556334
642860,2023-01-30,642860_2023-01-30_104448,439,1.0,False,0.4517731652900898,0.4679497432100482,0.028236554647500592,48.913168216658825,0.19795516328500706,0.1933564416556334
642860,2023-01-30,642860_2023-01-30_104448,440,1.0,False,0.4517731652900898,0.45473645471361057,0.026602388023175327,47.88768076927175,0.19795516328500706,0.1933564416556334
642860,2023-01-30,642860_2023-01-30_104448,441,1.0,False,0.4517731652900898,0.4426393790970368,0.03224537038088495,48.581644771525085,0.19795516328500706,0.1933564416556334
642860,2023-01-30,642860_2023-01-30_104448,442,1.0,False,0.4517731652900898,0.4283663083728806,0.030133495307883378,49.80197815556384,0.19795516328500706,0.1933564416556334
642860,2023-01-30,642860_2023-01-30_104448,443,0.0,True,0.4517731652900898,0.41545813422946937,0.02005683086097477,54.84144914803965,0.19795516328500706,0.1933564416556334
642860,2023-01-30,642860_2023-01-30_104448,444,0.0,True,0.46276885818731855,0.41545813422946937,0.02211101503293089,51.30959833872045,0.19795516328500706,0.1933564416556334
642860,2023-01-30,642860_2023-01-30_104448,445,0.0,True,0.47464758404009955,0.41545813422946937,0.021108331454211943,43.9663477976412,0.19795516328500706,0.1933564416556334
642860,2023-01-30,642860_2023-01-30_104448,446,0.0,True,0.4857373383436039,0.41545813422946937,0.01864582483119637,45.73351574623408,0.19795516328500706,0.1933564416556334
642860,2023-01-30,642860_2023-01-30_104448,447,0.0,True,0.4953260133462515,0.41545813422946937,0.014361489401556403,35.09455383858549,0.19795516328500706,0.1933564416556334
642860,2023-01-30,642860_2023-01-30_104448,448,0.0,True,0.5025731083943522,0.41545813422946937,0.018266745915779363,39.52334715246819,0.19795516328500706,0.1933564416556334
642860,2023-01-30,642860_2023-01-30_104448,449,0.0,True,0.5116576654825442,0.41545813422946937,0.014923483114107423,31.519603744636417,0.19795516328500706,0.1933564416556334
642860,2023-01-30,642860_2023-01-30_104448,450,0.0,True,0.5189432660577287,0.41545813422946937,0.01171733963990765,23.569879346061875,0.19795516328500706,0.1933564416556334
642860,2023-01-30,642860_2023-01-30_104448,451,0.0,False,0.5245826624113156,0.41545813422946937,0.00969135778665327,20.15066069719974,0.19795516328500706,0.1933564416556334
642860,2023-01-30,642860_2023-01-30_104448,452,0.0,True,0.5195018079601833,0.41545813422946937,0.009374170402028712,19.55030079157559,0.19795516328500706,0.1933564416556334
642860,2023-01-30,642860_2023-01-30_104448,453,0.0,False,0.5240093260701484,0.41545813422946937,0.012457563510810028,20.465560851965506,0.19795516328500706,0.1933564416556334
642860,2023-01-30,642860_2023-01-30_104448,454,0.0,True,0.5174785235193345,0.41545813422946937,0.01026627722230352,18.706273329563206,0.19795516328500706,0.1933564416556334
642860,2023-01-30,642860_2023-01-30_104448,455,0.0,True,0.5224313639308912,0.41545813422946937,0.009428567551179113,21.619071531226687,0.19795516328500706,0.1933564416556334
642860,2023-01-30,642860_2023-01-30_104448,456,0.0,True,0.5269320279417604,0.41545813422946937,0.010159624339002499,18.53792491078869,0.19795516328500706,0.1933564416556334
642860,2023-01-30,642860_2023-01-30_104448,457,1.0,False,0.531735801022871,0.41545813422946937,0.010020277974557354,15.272560833768603,0.19795516328500706,0.1933564416556334
642860,2023-01-30,642860_2023-01-30_104448,458,0.0,False,0.531735801022871,0.411295128237705,0.008901315399473607,21.347933964232105,0.19795516328500706,0.1933564416556334
642860,2023-01-30,642860_2023-01-30_104448,459,0.0,True,0.526999617277682,0.411295128237705,0.008767306032782066,27.225020492794197,0.19795516328500706,0.1933564416556334
642860,2023-01-30,642860_2023-01-30_104448,460,0.0,True,0.5311435786715941,0.411295128237705,0.008470660459355803,20.663950885735744,0.19795516328500706,0.1933564416556334
642860,2023-01-30,642860_2023-01-30_104448,461,0.0,True,0.5351123017151516,0.411295128237705,0.00874128223970671,18.264435881173128,0.19795516328500706,0.1933564416556334
642860,2023-01-30,642860_2023-01-30_104448,462,0.0,True,0.5391722545406107,0.411295128237705,0.00923934853473873,13.651452375297929,0.19795516328500706,0.1933564416556334
642860,2023-01-30,642860_2023-01-30_104448,463,0.0,True,0.543424968963936,0.411295128237705,0.009682716290573858,14.172141621410393,0.19795516328500706,0.1933564416556334
642860,2023-01-30,642860_2023-01-30_104448,464,0.0,True,0.5478383900226199,0.411295128237705,0.011116294834987325,9.915538334168694,0.19795516328500706,0.1933564416556334
642860,2023-01-30,642860_2023-01-30_104448,466,1.0,False,0.5528517651761422,0.411295128237705,0.010908479557238292,9.949048761050193,0.19795516328500706,0.1933564416556334
642860,2023-01-30,642860_2023-01-30_104448,467,0.0,True,0.5528517651761422,0.40680941713202157,0.01295005036582152,7.8297973384095485,0.19795516328500706,0.1933564416556334
642860,2023-01-30,642860_2023-01-30_104448,468,0.0,True,0.5586218289227205,0.40680941713202157,0.011805480156544928,8.140080199780304,0.19795516328500706,0.1933564416556334
642860,2023-01-30,642860_2023-01-30_104448,469,1.0,False,0.5638138198983146,0.40680941713202157,0.01094294453671392,7.090169643921387,0.19795516328500706,0.1933564416556334
642860,2023-01-30,642860_2023-01-30_104448,470,1.0,False,0.5638138198983146,0.40236041128032274,0.011654385409612007,5.7156421924772856,0.19795516328500706,0.1933564416556334
642860,2023-01-30,642860_2023-01-30_104448,471,0.0,True,0.5638138198983146,0.39767486344723685,0.012907281391785456,5.217902383055013,0.19795516328500706,0.1933564416556334
642860,2023-01-30,642860_2023-01-30_104448,472,0.0,True,0.5694303236515232,0.39767486344723685,0.015789413444437295,5.095261926796217,0.19795516328500706,0.1933564416556334
642860,2023-01-30,642860_2023-01-30_104448,473,0.0,True,0.576208566061349,0.39767486344723685,0.0240092994916298,3.611162914855124,0.19795516328500706,0.1933564416556334
642860,2023-01-30,642860_2023-01-30_104448,474,1.0,True,0.5863313724058427,0.39767486344723685,0.028891708674139382,2.9717943316906132,0.19795516328500706,0.1933564416556334
642860,2023-01-30,642860_2023-01-30_104448,475,1.0,True,0.5863313724058427,0.4150961517383033,0.04198330260809799,3.938206058584568,0.19795516328500706,0.1933564416556334
642860,2023-01-30,642860_2023-01-30_104448,476,1.0,True,0.5863313724058427,0.43963849059085996,0.049992589452013875,4.760103352235937,0.19795516328500706,0.1933564416556334
642860,2023-01-30,642860_2023-01-30_104448,477,1.0,True,0.5863313724058427,0.4675498174510028,0.0558978486596025,4.169640957910869,0.19795516328500706,0.1933564416556334
642860,2023-01-30,642860_2023-01-30_104448,478,1.0,True,0.5863313724058427,0.4971505828120334,0.05307914651346219,3.7342845498565365,0.19795516328500706,0.1933564416556334
642860,2023-01-30,642860_2023-01-30_104448,479,1.0,True,0.5863313724058427,0.5236430536243138,0.05036391987551305,4.561601099055975,0.19795516328500706,0.1933564416556334
642860,2023-01-30,642860_2023-01-30_104448,480,1.0,True,0.5863313724058427,0.5474105198875037,0.05391030056497692,6.471803793475593,0.19795516328500706,0.1933564416556334
642860,2023-01-30,642860_2023-01-30_104448,481,1.0,True,0.5863313724058427,0.5715803039832528,0.05334290827549788,6.295781445739256,0.19795516328500706,0.1933564416556334
642860,2023-01-30,642860_2023-01-30_104448,482,1.0,True,0.5863313724058427,0.5942128010581181,0.06638867259485931,7.206306166053044,0.19795516328500706,0.1933564416556334
642860,2023-01-30,642860_2023-01-30_104448,483,1.0,True,0.5863313724058427,0.6206467996726335,0.05318932239098685,7.329009289352904,0.19795516328500706,0.1933564416556334
642860,2023-01-30,642860_2023-01-30_104448,484,1.0,True,0.5863313724058427,0.6405154299302427,0.048217579830708776,7.954838864376039,0.19795516328500706,0.1933564416556334
642860,2023-01-30,642860_2023-01-30_104448,485,1.0,True,0.5863313724058427,0.6576590007235095,0.03800543972629063,10.638038426994983,0.19795516328500706,0.1933564416556334
642860,2023-01-30,642860_2023-01-30_104448,486,1.0,True,0.5863313724058427,0.670550756211564,0.04263743199821829,12.956939950032544,0.19795516328500706,0.1933564416556334
642860,2023-01-30,642860_2023-01-30_104448,487,1.0,True,0.5863313724058427,0.684358022722814,0.03127192966244564,13.804767113818329,0.19795516328500706,0.1933564416556334
642860,2023-01-30,642860_2023-01-30_104448,488,1.0,False,0.5863313724058427,0.6940119042364234,0.03736309602098487,17.747924986529537,0.19795516328500706,0.1933564416556334
642860,2023-01-30,642860_2023-01-30_104448,489,1.0,True,0.5863313724058427,0.6677221349977376,0.03436034459387573,20.709879813862216,0.19795516328500706,0.1933564416556334
642860,2023-01-30,642860_2023-01-30_104448,490,1.0,True,0.5863313724058427,0.6788960735914441,0.03404634325654857,23.74786208952358,0.19795516328500706,0.1933564416556334
642860,2023-01-30,642860_2023-01-30_104448,491,1.0,True,0.5863313724058427,0.6895382118083241,0.035479454398782334,23.058655057105813,0.19795516328500706,0.1933564416556334
642860,2023-01-30,642860_2023-01-30_104448,492,1.0,True,0.5863313724058427,0.7002465470191449,0.03255065622348078,22.965451165289643,0.19795516328500706,0.1933564416556334
642860,2023-01-30,642860_2023-01-30_104448,493,1.0,True,0.5863313724058427,0.7097038747223355,0.026587646063585785,22.383502567086417,0.19795516328500706,0.1933564416556334
642860,2023-01-30,642860_2023-01-30_104448,494,1.0,True,0.5863313724058427,0.7172055959378627,0.026406008941311176,21.925100235907905,0.19795516328500706,0.1933564416556334
642860,2023-01-30,642860_2023-01-30_104448,495,1.0,True,0.5863313724058427,0.7244326230180053,0.024435800495263085,21.60266921524128,0.19795516328500706,0.1933564416556334
642860,2023-01-30,642860_2023-01-30_104448,496,1.0,False,0.5863313724058427,0.7309317041173345,0.026733080264253507,19.2185875195734,0.19795516328500706,0.1933564416556334
642860,2023-01-30,642860_2023-01-30_104448,497,1.0,True,0.5863313724058427,0.7111685780523611,0.02574874774751933,16.862506334709582,0.19795516328500706,0.1933564416556334
642860,2023-01-30,642860_2023-01-30_104448,498,1.0,True,0.5863313724058427,0.7184523715367094,0.025054050346823193,23.303043567137617,0.19795516328500706,0.1933564416556334
642860,2023-01-30,642860_2023-01-30_104448,499,1.0,True,0.5863313724058427,0.725437044428517,0.026761999799776257,25.174849258486947,0.19795516328500706,0.1933564416556334
642860,2023-01-30,642860_2023-01-30_104448,500,1.0,True,0.5863313724058427,0.7327080443797801,0.031498842111292336,25.794397772407223,0.19795516328500706,0.1933564416556334
642860,2023-01-30,642860_2023-01-30_104448,501,1.0,True,0.5863313724058427,0.7409128852777375,0.027906966862623242,31.419829287543756,0.19795516328500706,0.1933564416556334
642860,2023-01-30,642860_2023-01-30_104448,502,1.0,False,0.5863313724058427,0.7479781318435036,0.030875856362349803,43.574453443841385,0.19795516328500706,0.1933564416556334
642860,2023-01-30,642860_2023-01-30_104448,503,1.0,True,0.5863313724058427,0.7246393086563723,0.02670047769806453,52.24786573955605,0.19795516328500706,0.1933564416556334
642860,2023-01-30,642860_2023-01-30_104448,504,1.0,True,0.5863313724058427,0.7318402940499181,0.025553381934295245,48.89527453581389,0.19795516328500706,0.1933564416556334
642860,2023-01-30,642860_2023-01-30_104448,505,1.0,True,0.5863313724058427,0.7385755258632298,0.04031123157566776,53.61305872025346,0.19795516328500706,0.1933564416556334
642860,2023-01-30,642860_2023-01-30_104448,506,1.0,True,0.5863313724058427,0.7487987921217161,0.030928060702655743,57.62949761900535,0.19795516328500706,0.1933564416556334
642860,2023-01-30,642860_2023-01-30_104448,507,1.0,True,0.5863313724058427,0.7562974684385037,0.03832176621077359,48.42465672322515,0.19795516328500706,0.1933564416556334
642860,2023-01-30,642860_2023-01-30_104448,508,1.0,False,0.5863313724058427,0.7652624049347728,0.03683279740681455,73.01289719735013,0.19795516328500706,0.1933564416556334
642860,2023-01-30,642860_2023-01-30_104448,509,1.0,True,0.5863313724058427,0.7367117549358513,0.04049117333837635,78.90985951554983,0.19795516328500706,0.1933564416556334
642860,2023-01-30,642860_2023-01-30_104448,510,1.0,True,0.5863313724058427,0.7470001217296393,0.038368402067052464,87.76278843278465,0.19795516328500706,0.1933564416556334
642860,2023-01-30,642860_2023-01-30_104448,511,1.0,True,0.5863313724058427,0.7563513561936238,0.04292710917141907,76.49252203384921,0.19795516328500706,0.1933564416556334
642860,2023-01-30,642860_2023-01-30_104448,512,1.0,True,0.5863313724058427,0.766393403181716,0.042990672420365306,76.49297198270645,0.19795516328500706,0.1933564416556334
642860,2023-01-30,642860_2023-01-30_104448,513,1.0,True,0.5863313724058427,0.776001461123108,0.04493496329155872,70.57734023537971,0.19795516328500706,0.1933564416556334
642860,2023-01-30,642860_2023-01-30_104448,514,1.0,True,0.5863313724058427,0.7855357851839082,0.03146125028045394,77.58987537737036,0.19795516328500706,0.1933564416556334
642860,2023-01-30,642860_2023-01-30_104448,515,1.0,True,0.5863313724058427,0.7919880914703099,0.04366227191422745,100.0,0.19795516328500706,0.1933564416556334
642860,2023-01-30,642860_2023-01-30_104448,516,1.0,True,0.5863313724058427,0.8005839640750402,0.04042143308556289,100.0,0.19795516328500706,0.1933564416556334
642860,2023-01-30,642860_2023-01-30_104448,517,1.0,True,0.5863313724058427,0.8082599612265646,0.04087594587899815,100.0,0.19795516328500706,0.1933564416556334
642860,2023-01-30,642860_2023-01-30_104448,518,1.0,True,0.5863313724058427,0.8157068496726159,0.0432188800236807,100.0,0.19795516328500706,0.1933564416556334
642860,2023-01-30,642860_2023-01-30_104448,519,1.0,True,0.5863313724058427,0.8232772911330539,0.03569546269367955,100.0,0.19795516328500706,0.1933564416556334
642860,2023-01-30,642860_2023-01-30_104448,520,1.0,True,0.5863313724058427,0.8292816610982064,0.031217729797992783,100.0,0.19795516328500706,0.1933564416556334
642860,2023-01-30,642860_2023-01-30_104448,521,1.0,True,0.5863313724058427,0.8343355226080313,0.029057390015699344,100.0,0.19795516328500706,0.1933564416556334
642860,2023-01-30,642860_2023-01-30_104448,522,1.0,True,0.5863313724058427,0.83892435078332,0.03619081568802475,100.0,0.19795516328500706,0.1933564416556334
642860,2023-01-30,642860_2023-01-30_104448,523,1.0,False,0.5863313724058427,0.8443714471727852,0.032767868234899716,100.0,0.19795516328500706,0.1933564416556334
642860,2023-01-30,642860_2023-01-30_104448,524,1.0,True,0.5863313724058427,0.8165081331525823,0.028679033296711953,100.0,0.19795516328500706,0.1933564416556334
642860,2023-01-30,642860_2023-01-30_104448,525,1.0,False,0.5863313724058427,0.8215588712910628,0.037970208137444214,100.0,0.19795516328500706,0.1933564416556334
642860,2023-01-30,642860_2023-01-30_104448,526,1.0,True,0.5863313724058427,0.7899649726382066,0.03473431037936166,100.0,0.19795516328500706,0.1933564416556334
642860,2023-01-30,642860_2023-01-30_104448,527,1.0,False,0.5863313724058427,0.7970193312307791,0.04386235234514015,100.0,0.19795516328500706,0.1933564416556334
642860,2023-01-30,642860_2023-01-30_104448,528,1.0,True,0.5863313724058427,0.7616855076629505,0.05043039446231079,100.0,0.19795516328500706,0.1933564416556334
642860,2023-01-30,642860_2023-01-30_104448,529,1.0,True,0.5863313724058427,0.7733803702456856,0.04745250965409008,100.0,0.19795516328500706,0.1933564416556334
642860,2023-01-30,642860_2023-01-30_104448,530,1.0,True,0.5863313724058427,0.7838355045719946,0.04454188049270431,100.0,0.19795516328500706,0.1933564416556334
642860,2023-01-30,642860_2023-01-30_104448,531,1.0,False,0.5863313724058427,0.7931346184412283,0.04232630886601786,96.57869180761996,0.19795516328500706,0.1933564416556334
642860,2023-01-30,642860_2023-01-30_104448,532,1.0,True,0.5863313724058427,0.7593092462632485,0.0430580936591542,97.62260419329512,0.19795516328500706,0.1933564416556334
642860,2023-01-30,642860_2023-01-30_104448,533,1.0,True,0.5863313724058427,0.7694496924228778,0.04505227407280561,100.0,0.19795516328500706,0.1933564416556334
642860,2023-01-30,642860_2023-01-30_104448,534,1.0,True,0.5863313724058427,0.7795453183670273,0.033400104083963995,95.86401269100494,0.19795516328500706,0.1933564416556334
642860,2023-01-30,642860_2023-01-30_104448,535,1.0,True,0.5863313724058427,0.7866720986820819,0.030747083923843573,100.0,0.19795516328500706,0.1933564416556334
642860,2023-01-30,642860_2023-01-30_104448,536,1.0,True,0.5863313724058427,0.7930461908342692,0.02594320476650999,94.44424858629587,0.19795516328500706,0.1933564416556334
642860,2023-01-30,642860_2023-01-30_104448,537,1.0,True,0.5863313724058427,0.7983078555124806,0.025759721289948193,64.67017909243681,0.19795516328500706,0.1933564416556334
642860,2023-01-30,642860_2023-01-30_104448,538,1.0,True,0.5863313724058427,0.8033712017670928,0.022548621462974674,67.0050733927569,0.19795516328500706,0.1933564416556334
642860,2023-01-30,642860_2023-01-30_104448,539,1.0,False,0.5863313724058427,0.8076939003952515,0.017966130516535794,67.75673013418334,0.19795516328500706,0.1933564416556334
642860,2023-01-30,642860_2023-01-30_104448,540,1.0,True,0.5863313724058427,0.7931317617176501,0.023448263008167724,68.94713136529748,0.19795516328500706,0.1933564416556334
642860,2023-01-30,642860_2023-01-30_104448,541,1.0,True,0.5863313724058427,0.7978875296918446,0.02330971477929884,70.97027534248596,0.19795516328500706,0.1933564416556334
642860,2023-01-30,642860_2023-01-30_104448,542,1.0,False,0.5863313724058427,0.8025348187319544,0.022834781238716483,64.22513230534905,0.19795516328500706,0.1933564416556334
642860,2023-01-30,642860_2023-01-30_104448,543,1.0,True,0.5863313724058427,0.7841380411635827,0.02538365767187492,59.86283574885906,0.19795516328500706,0.1933564416556334
642860,2023-01-30,642860_2023-01-30_104448,544,1.0,True,0.5863313724058427,0.7895265423774023,0.027548629555077326,60.57872069004507,0.19795516328500706,0.1933564416556334
642860,2023-01-30,642860_2023-01-30_104448,545,1.0,False,0.5863313724058427,0.7952762175349248,0.02444055652704788,56.41429202438178,0.19795516328500706,0.1933564416556334
642860,2023-01-30,642860_2023-01-30_104448,546,1.0,False,0.5863313724058427,0.7758331841119919,0.01990366188710551,70.25368614332884,0.19795516328500706,0.1933564416556334
642860,2023-01-30,642860_2023-01-30_104448,547,1.0,False,0.5863313724058427,0.7604363680068131,0.022628421608880945,61.53749081627507,0.19795516328500706,0.1933564416556334
642860,2023-01-30,642860_2023-01-30_104448,548,1.0,False,0.5863313724058427,0.7433263583678182,0.028329887523125492,45.12818687861633,0.19795516328500706,0.1933564416556334
642860,2023-01-30,642860_2023-01-30_104448,549,1.0,True,0.5863313724058427,0.7222313746085846,0.024165169133327224,38.17879141229442,0.19795516328500706,0.1933564416556334
642860,2023-01-30,642860_2023-01-30_104448,550,1.0,False,0.5863313724058427,0.7289846208634967,0.0198611390032561,43.023120746351374,0.19795516328500706,0.1933564416556334
642860,2023-01-30,642860_2023-01-30_104448,551,1.0,True,0.5863313724058427,0.7145643772293723,0.01700150303286577,44.58152734655138,0.19795516328500706,0.1933564416556334
642860,2023-01-30,642860_2023-01-30_104448,552,1.0,True,0.5863313724058427,0.7195121752122361,0.019034504811752524,42.551557025828835,0.19795516328500706,0.1933564416556334
642860,2023-01-30,642860_2023-01-30_104448,553,1.0,True,0.5863313724058427,0.7249955286977262,0.02386350599093321,33.40451061272071,0.19795516328500706,0.1933564416556334
642860,2023-01-30,642860_2023-01-30_104448,554,1.0,True,0.5863313724058427,0.7317316853896688,0.03384518214596642,34.069351967817205,0.19795516328500706,0.1933564416556334
642860,2023-01-30,642860_2023-01-30_104448,555,1.0,True,0.5863313724058427,0.7408981335430981,0.04171687912479553,31.61113324213738,0.19795516328500706,0.1933564416556334
642860,2023-01-30,642860_2023-01-30_104448,556,1.0,True,0.5863313724058427,0.7517362413561234,0.03439337039248409,31.079990220191014,0.19795516328500706,0.1933564416556334
642860,2023-01-30,642860_2023-01-30_104448,557,1.0,True,0.5863313724058427,0.7602612108391372,0.039508617362335005,32.101631968332455,0.19795516328500706,0.1933564416556334
642860,2023-01-30,642860_2023-01-30_104448,558,1.0,True,0.5863313724058427,0.7697387130437916,0.0423223028133273,30.697379090746335,0.19795516328500706,0.1933564416556334
642860,2023-01-30,642860_2023-01-30_104448,559,1.0,True,0.5863313724058427,0.7794511512915584,0.0447160302368513,31.23552592199091,0.19795516328500706,0.1933564416556334
642860,2023-01-30,642860_2023-01-30_104448,560,1.0,False,0.5863313724058427,0.7892897092867347,0.04588361590846036,28.167858178814786,0.19795516328500706,0.1933564416556334
642860,2023-01-30,642860_2023-01-30_104448,561,1.0,False,0.5863313724058427,0.7530749063293705,0.044121733128662036,25.075821003283746,0.19795516328500706,0.1933564416556334
642860,2023-01-30,642860_2023-01-30_104448,562,1.0,True,0.5863313724058427,0.7198544474284538,0.05371635392561232,20.917385811957352,0.19795516328500706,0.1933564416556334
642860,2023-01-30,642860_2023-01-30_104448,563,1.0,False,0.5863313724058427,0.7349212137606388,0.0498790852402618,21.93307315809133,0.19795516328500706,0.1933564416556334
642860,2023-01-30,642860_2023-01-30_104448,564,1.0,False,0.5863313724058427,0.6983095476427479,0.046273798251812326,31.62673132206325,0.19795516328500706,0.1933564416556334
642860,2023-01-30,642860_2023-01-30_104448,565,1.0,False,0.5863313724058427,0.666038584116914,0.04813309768041163,28.240652898468348,0.19795516328500706,0.1933564416556334
642860,2023-01-30,642860_2023-01-30_104448,566,1.0,False,0.5863313724058427,0.6339564001639955,0.05188273725142587,25.846485896067907,0.19795516328500706,0.1933564416556334
642860,2023-01-30,642860_2023-01-30_104448,567,0.0,True,0.5863313724058427,0.60106111258573,0.05437535667774502,21.432200494079165,0.19795516328500706,0.1933564416556334
642860,2023-01-30,642860_2023-01-30_104448,568,1.0,False,0.6087729173015483,0.60106111258573,0.05106426464818757,26.74959343461442,0.19795516328500706,0.1933564416556334
642860,2023-01-30,642860_2023-01-30_104448,569,0.0,True,0.6087729173015483,0.5703003191707805,0.045878800504196716,30.497014536324937,0.19795516328500706,0.1933564416556334
642860,2023-01-30,642860_2023-01-30_104448,570,0.0,False,0.6266747258928325,0.5703003191707805,0.04584093493698598,30.582518854754056,0.19795516328500706,0.1933564416556334
642860,2023-01-30,642860_2023-01-30_104448,571,1.0,False,0.5979509277368106,0.5703003191707805,0.04311665485159127,25.451561376749538,0.19795516328500706,0.1933564416556334
642860,2023-01-30,642860_2023-01-30_104448,572,0.0,False,0.5979509277368106,0.5457118523750261,0.036342606671593974,31.99168582493616,0.19795516328500706,0.1933564416556334
642860,2023-01-30,642860_2023-01-30_104448,573,0.0,True,0.5761980708190496,0.5457118523750261,0.04075588817052543,22.611447746646764,0.19795516328500706,0.1933564416556334
642860,2023-01-30,642860_2023-01-30_104448,574,0.0,False,0.5934324822477716,0.5457118523750261,0.04733537128204964,19.746850349952275,0.19795516328500706,0.1933564416556334
642860,2023-01-30,642860_2023-01-30_104448,575,0.0,False,0.5653593942526194,0.5457118523750261,0.04431214169662668,18.133235049640916,0.19795516328500706,0.1933564416556334
642860,2023-01-30,642860_2023-01-30_104448,576,0.0,True,0.5404093735812021,0.5457118523750261,0.0580843536710616,20.195757906320843,0.19795516328500706,0.1933564416556334
642860,2023-01-30,642860_2023-01-30_104448,577,1.0,False,0.5671120779328861,0.5457118523750261,0.06685930096106657,15.5980637484246,0.19795516328500706,0.1933564416556334
642860,2023-01-30,642860_2023-01-30_104448,578,0.0,True,0.5671120779328861,0.5091551884613453,0.10598224175168701,12.489833553977524,0.19795516328500706,0.1933564416556334
642860,2023-01-30,642860_2023-01-30_104448,579,0.0,True,0.6128089172275215,0.5091551884613453,0.09220299765277253,11.582618157781374,0.19795516328500706,0.1933564416556334
642860,2023-01-30,642860_2023-01-30_104448,580,1.0,False,0.6482420874112949,0.5091551884613453,0.1092984436804724,11.364670071863875,0.19795516328500706,0.1933564416556334
642860,2023-01-30,642860_2023-01-30_104448,581,0.0,True,0.6482420874112949,0.4534048031363036,0.15482561243707982,13.295301249875221,0.19795516328500706,0.1933564416556334
642860,2023-01-30,642860_2023-01-30_104448,582,0.0,False,0.7019270084897974,0.4534048031363036,0.15231251986270825,12.191931647074297,0.19795516328500706,0.1933564416556334
642860,2023-01-30,642860_2023-01-30_104448,583,0.0,False,0.5938867772096456,0.4534048031363036,0.15907499203902994,10.700387045523719,0.19795516328500706,0.1933564416556334
642860,2023-01-30,642860_2023-01-30_104448,584,0.0,False,0.49914542584291394,0.4534048031363036,0.14270972094074486,11.16698194079995,0.19795516328500706,0.1933564416556334
642860,2023-01-30,642860_2023-01-30_104448,585,1.0,False,0.4284648705893591,0.4534048031363036,0.1627711685045738,14.30232797078081,0.19795516328500706,0.1933564416556334
642860,2023-01-30,642860_2023-01-30_104448,586,0.0,False,0.4284648705893591,0.379770184013105,0.1366591259577226,13.906786689462091,0.19795516328500706,0.1933564416556334
642860,2023-01-30,642860_2023-01-30_104448,587,0.0,False,0.3707142163835002,0.379770184013105,0.09430344391986421,13.787962695273396,0.19795516328500706,0.1933564416556334
642860,2023-01-30,642860_2023-01-30_104448,588,0.0,True,0.33586850330092566,0.379770184013105,0.10822442306042097,13.608770674789623,0.19795516328500706,0.1933564416556334
642860,2023-01-30,642860_2023-01-30_104448,589,0.0,False,0.408094857142305,0.379770184013105,0.11840133417199905,15.858088809861394,0.19795516328500706,0.1933564416556334
642860,2023-01-30,642860_2023-01-30_104448,590,0.0,True,0.35991321437605794,0.379770184013105,0.08511235813227493,18.11818784142312,0.19795516328500706,0.1933564416556334
642860,2023-01-30,642860_2023-01-30_104448,591,1.0,False,0.4143220448015524,0.379770184013105,0.07464156505648317,13.57930499551325,0.19795516328500706,0.1933564416556334
642860,2023-01-30,642860_2023-01-30_104448,592,0.0,True,0.4143220448015524,0.35107782539982685,0.08691690825649805,14.885953293717703,0.19795516328500706,0.1933564416556334
642860,2023-01-30,642860_2023-01-30_104448,593,0.0,False,0.46473482399472527,0.35107782539982685,0.1597354684527773,15.994790400032555,0.19795516328500706,0.1933564416556334
642860,2023-01-30,642860_2023-01-30_104448,594,0.0,False,0.3897226703946905,0.35107782539982685,0.16265063368427676,19.033905619510385,0.19795516328500706,0.1933564416556334
642860,2023-01-30,642860_2023-01-30_104448,595,0.0,True,0.325403059127994,0.35107782539982685,0.15809795977038024,17.976491504931996,0.19795516328500706,0.1933564416556334
642860,2023-01-30,642860_2023-01-30_104448,596,1.0,True,0.43260391527024367,0.35107782539982685,0.14808345807454149,14.450490865069183,0.19795516328500706,0.1933564416556334
642860,2023-01-30,642860_2023-01-30_104448,598,1.0,True,0.43260391527024367,0.44604350945167,0.1282453552197216,14.999239255985469,0.19795516328500706,0.1933564416556334
642860,2023-01-30,642860_2023-01-30_104448,599,1.0,False,0.43260391527024367,0.5094579303001237,0.10455625991727419,13.126520964778921,0.19795516328500706,0.1933564416556334
642860,2023-01-30,642860_2023-01-30_104448,600,0.0,False,0.43260391527024367,0.4480508427876348,0.09191355035470261,15.874717181447455,0.19795516328500706,0.1933564416556334
642860,2023-01-30,642860_2023-01-30_104448,601,1.0,False,0.3906983578445331,0.4480508427876348,0.0644404220642988,18.162376139818385,0.19795516328500706,0.1933564416556334
642860,2023-01-30,642860_2023-01-30_104448,602,1.0,False,0.3906983578445331,0.41703076517745014,0.05798232307247094,14.076996939518644,0.19795516328500706,0.1933564416556334
642860,2023-01-30,642860_2023-01-30_104448,603,1.0,False,0.3906983578445331,0.39295046981470627,0.06219525645081426,17.795580320408863,0.19795516328500706,0.1933564416556334
642860,2023-01-30,642860_2023-01-30_104448,606,1.0,False,0.3906983578445331,0.3703407442803173,0.06137657058486249,18.125754146315753,0.19795516328500706,0.1933564416556334
642860,2023-01-30,642860_2023-01-30_104448,607,1.0,True,0.3906983578445331,0.3512568983227604,0.06940692853831432,22.01944801250268,0.19795516328500706,0.1933564416556334
642860,2023-01-30,642860_2023-01-30_104448,608,1.0,False,0.3906983578445331,0.4011512941565474,0.06187865561557439,21.02305959230853,0.19795516328500706,0.1933564416556334
642860,2023-01-30,642860_2023-01-30_104448,610,1.0,True,0.3906983578445331,0.3762930711972104,0.0652179599184169,22.133745137269067,0.19795516328500706,0.1933564416556334
642860,2023-01-30,642860_2023-01-30_104448,611,1.0,True,0.3906983578445331,0.4179168507007362,0.0592107297371856,24.202239561541735,0.19795516328500706,0.1933564416556334
642860,2023-01-30,642860_2023-01-30_104448,612,1.0,True,0.3906983578445331,0.45192925895377845,0.05386919101436509,41.24375404607502,0.19795516328500706,0.1933564416556334
642860,2023-01-30,642860_2023-01-30_104448,613,1.0,True,0.3906983578445331,0.48053280899982903,0.05083887462879255,34.259936827326776,0.19795516328500706,0.1933564416556334
642860,2023-01-30,642860_2023-01-30_104448,614,1.0,True,0.3906983578445331,0.5057878524722773,0.04320555684598221,47.17160529773112,0.19795516328500706,0.1933564416556334
642860,2023-01-30,642860_2023-01-30_104448,615,1.0,False,0.3906983578445331,0.5257889946628872,0.04298986567315837,56.782012615452366,0.19795516328500706,0.1933564416556334
642860,2023-01-30,642860_2023-01-30_104448,616,1.0,False,0.3906983578445331,0.5019959331315735,0.031958581785222706,65.8883865559917,0.19795516328500706,0.1933564416556334
642860,2023-01-30,642860_2023-01-30_104448,618,1.0,False,0.3906983578445331,0.48496027712382955,0.030117571050231395,62.51593911741768,0.19795516328500706,0.1933564416556334
642860,2023-01-30,642860_2023-01-30_104448,619,1.0,True,0.3906983578445331,0.46976293683621045,0.031222000490643432,53.80853289844758,0.19795516328500706,0.1933564416556334
642860,2023-01-30,642860_2023-01-30_104448,620,1.0,False,0.3906983578445331,0.4858081456906293,0.030270414865657937,59.32212501249075,0.19795516328500706,0.1933564416556334
642860,2023-01-30,642860_2023-01-30_104448,621,1.0,False,0.3906983578445331,0.470587262991815,0.025567119750120562,50.030030942176836,0.19795516328500706,0.1933564416556334
642860,2023-01-30,642860_2023-01-30_104448,622,1.0,False,0.3906983578445331,0.4582676342789153,0.02352441810058417,44.55022308559641,0.19795516328500706,0.1933564416556334
642860,2023-01-30,642860_2023-01-30_104448,623,1.0,True,0.3906983578445331,0.4472766860782548,0.02383136882346898,39.121722964092875,0.19795516328500706,0.1933564416556334
642860,2023-01-30,642860_2023-01-30_104448,624,1.0,True,0.3906983578445331,0.46030183444648803,0.022566675404646956,49.569263268435975,0.19795516328500706,0.1933564416556334
642860,2023-01-30,642860_2023-01-30_104448,625,1.0,True,0.3906983578445331,0.47210859289995794,0.021523937828652227,44.858012717118484,0.19795516328500706,0.1933564416556334
642860,2023-01-30,642860_2023-01-30_104448,626,1.0,True,0.3906983578445331,0.4830779276926753,0.023454904753131074,44.189945460949424,0.19795516328500706,0.1933564416556334
642860,2023-01-30,642860_2023-01-30_104448,627,1.0,True,0.3906983578445331,0.49454749395645436,0.020788379977986285,37.16951466665287,0.19795516328500706,0.1933564416556334
642860,2023-01-30,642860_2023-01-30_104448,628,1.0,False,0.3906983578445331,0.5044069866159775,0.018764738265556014,37.41691556847034,0.19795516328500706,0.1933564416556334
642860,2023-01-30,642860_2023-01-30_104448,629,1.0,True,0.3906983578445331,0.49420093978782725,0.01955965623063887,41.516698294020145,0.19795516328500706,0.1933564416556334
642860,2023-01-30,642860_2023-01-30_104448,630,1.0,True,0.3906983578445331,0.5035754310560844,0.01709676107616356,43.73812574997453,0.19795516328500706,0.1933564416556334
642860,2023-01-30,642860_2023-01-30_104448,631,1.0,False,0.3906983578445331,0.5115800261682499,0.015792193031668355,45.9300624910106,0.19795516328500706,0.1933564416556334
642860,2023-01-30,642860_2023-01-30_104448,632,1.0,True,0.3906983578445331,0.5028471404203687,0.014994835542698653,42.30038648250815,0.19795516328500706,0.1933564416556334
642860,2023-01-30,642860_2023-01-30_104448,633,1.0,True,0.3906983578445331,0.5097949135157471,0.01666274968440944,37.556989172641146,0.19795516328500706,0.1933564416556334
642860,2023-01-30,642860_2023-01-30_104448,634,1.0,False,0.3906983578445331,0.51735063146625,0.01670342131121966,39.491439637892974,0.19795516328500706,0.1933564416556334
642860,2023-01-30,642860_2023-01-30_104448,636,1.0,False,0.3906983578445331,0.5079295256296718,0.017331125751289075,34.32204535366066,0.19795516328500706,0.1933564416556334
642860,2023-01-30,642860_2023-01-30_104448,637,1.0,False,0.3906983578445331,0.4984570525033162,0.018590266231747588,32.46341632033202,0.19795516328500706,0.1933564416556334
642860,2023-01-30,642860_2023-01-30_104448,638,1.0,False,0.3906983578445331,0.4887042589752767,0.017661126125008725,28.96580627466489,0.19795516328500706,0.1933564416556334
642860,2023-01-30,642860_2023-01-30_104448,641,0.0,True,0.3906983578445331,0.47975467647056136,0.01950275272779605,38.99677077797575,0.19795516328500706,0.1933564416556334
642860,2023-01-30,642860_2023-01-30_104448,647,0.0,False,0.4028094891070307,0.47975467647056136,0.019444921610081795,36.266064643412825,0.19795516328500706,0.1933564416556334
642860,2023-01-30,642860_2023-01-30_104448,648,1.0,False,0.395051300361199,0.47975467647056136,0.01681477368672791,38.156656191634724,0.19795516328500706,0.1933564416556334
642860,2023-01-30,642860_2023-01-30_104448,650,1.0,False,0.395051300361199,0.4714656362072168,0.015837919943897088,43.768161632034555,0.19795516328500706,0.1933564416556334
642860,2023-01-30,642860_2023-01-30_104448,653,1.0,False,0.395051300361199,0.46386615357418404,0.017040678715987162,46.97069417449397,0.19795516328500706,0.1933564416556334
642860,2023-01-30,642860_2023-01-30_104448,654,1.0,False,0.395051300361199,0.45589432021654747,0.016907050059501112,54.76921428851665,0.19795516328500706,0.1933564416556334
642860,2023-01-30,642860_2023-01-30_104448,655,1.0,False,0.395051300361199,0.44814607972677134,0.016144105364105304,54.57586478718702,0.19795516328500706,0.1933564416556334
642860,2023-01-30,642860_2023-01-30_104448,656,1.0,False,0.395051300361199,0.44091083389865116,0.01306416783020705,38.50605820424653,0.19795516328500706,0.1933564416556334
642860,2023-01-30,642860_2023-01-30_104448,658,1.0,False,0.395051300361199,0.43518497640416104,0.013067652349641773,32.425527499449196,0.19795516328500706,0.1933564416556334
642860,2023-01-30,642860_2023-01-30_104448,661,1.0,False,0.395051300361199,0.4295530390987451,0.014872279231856814,33.82239961263526,0.19795516328500706,0.1933564416556334
642860,2023-01-30,642860_2023-01-30_104448,662,0.0,True,0.395051300361199,0.423256122727468,0.014051038933710696,28.657365436434784,0.19795516328500706,0.1933564416556334
642860,2023-01-30,642860_2023-01-30_104448,663,0.0,True,0.40363391643646174,0.423256122727468,0.013668952029890782,26.23300760490653,0.19795516328500706,0.1933564416556334
642860,2023-01-30,642860_2023-01-30_104448,664,0.0,False,0.411842516302485,0.423256122727468,0.013913187702943159,19.84400493629064,0.19795516328500706,0.1933564416556334
642860,2023-01-30,642860_2023-01-30_104448,665,0.0,True,0.40611977249580994,0.423256122727468,0.014709331568143285,16.26443783208671,0.19795516328500706,0.1933564416556334
642860,2023-01-30,642860_2023-01-30_104448,667,0.0,False,0.4149266465072135,0.423256122727468,0.013226261956198096,15.838139548174965,0.19795516328500706,0.1933564416556334
642860,2023-01-30,642860_2023-01-30_104448,668,0.0,True,0.4094261332472271,0.423256122727468,0.013329135703121267,15.27504037303782,0.19795516328500706,0.1933564416556334
642860,2023-01-30,642860_2023-01-30_104448,669,0.0,True,0.41733163748729046,0.423256122727468,0.0143937425698059,17.84661258448047,0.19795516328500706,0.1933564416556334
642860,2023-01-30,642860_2023-01-30_104448,670,1.0,False,0.42566026513679306,0.423256122727468,0.01405514871105741,17.41333334846025,0.19795516328500706,0.1933564416556334
642860,2023-01-30,642860_2023-01-30_104448,671,1.0,False,0.42566026513679306,0.4175046138306512,0.015787699410257296,23.09237103599161,0.19795516328500706,0.1933564416556334
642860,2023-01-30,642860_2023-01-30_104448,672,0.0,True,0.42566026513679306,0.41127025665411276,0.019343511401587528,20.131383728593324,0.19795516328500706,0.1933564416556334
642860,2023-01-30,642860_2023-01-30_104448,676,0.0,False,0.436539903532632,0.41127025665411276,0.02014158266063265,21.287733291322585,0.19795516328500706,0.1933564416556334
642860,2023-01-30,642860_2023-01-30_104448,682,0.0,True,0.42720417076648826,0.41127025665411276,0.020658771956566273,21.439603172390182,0.19795516328500706,0.1933564416556334
642860,2023-01-30,642860_2023-01-30_104448,684,0.0,True,0.4387951813540806,0.41127025665411276,0.021898689438620535,24.925468352254402,0.19795516328500706,0.1933564416556334
642860,2023-01-30,642860_2023-01-30_104448,686,1.0,True,0.4504924184866117,0.41127025665411276,0.026407478230471914,26.579296156781712,0.19795516328500706,0.1933564416556334
642860,2023-01-30,642860_2023-01-30_104448,689,1.0,True,0.4504924184866117,0.42757217776135414,0.028467796784144052,25.33086455159391,0.19795516328500706,0.1933564416556334
642860,2023-01-30,642860_2023-01-30_104448,690,1.0,True,0.4504924184866117,0.44395787110780116,0.03182931266470568,28.630206592484804,0.19795516328500706,0.1933564416556334
642860,2023-01-30,642860_2023-01-30_104448,693,1.0,True,0.4504924184866117,0.46079328247125884,0.03231791133977277,29.956035676240568,0.19795516328500706,0.1933564416556334
642860,2023-01-30,642860_2023-01-30_104448,712,1.0,True,0.4504924184866117,0.47649895768455003,0.033293074309451866,31.439520628602303,0.19795516328500706,0.1933564416556334
642860,2023-01-30,642860_2023-01-30_104448,723,1.0,True,0.4504924184866117,0.49133010549747524,0.032952560000721484,34.287207963613085,0.19795516328500706,0.1933564416556334
642860,2023-01-30,642860_2023-01-30_104448,724,1.0,False,0.4504924184866117,0.5049008356565016,0.030381949289040998,37.66827600571053,0.19795516328500706,0.1933564416556334
642860,2023-01-30,642860_2023-01-30_104448,725,1.0,True,0.4504924184866117,0.48641741179761594,0.03021915600138192,36.9855001397684,0.19795516328500706,0.1933564416556334
642860,2023-01-30,642860_2023-01-30_104448,727,1.0,True,0.4504924184866117,0.5000738637765814,0.030703001005723252,38.39917472538932,0.19795516328500706,0.1933564416556334
642860,2023-01-30,642860_2023-01-30_104448,736,1.0,False,0.4504924184866117,0.5130622237088688,0.03232561524332408,39.477912640142506,0.19795516328500706,0.1933564416556334
642860,2023-01-30,642860_2023-01-30_104448,748,1.0,True,0.4504924184866117,0.49347001368129645,0.03496676954074242,37.52569476081301,0.19795516328500706,0.1933564416556334
642860,2023-01-30,642860_2023-01-30_104448,749,1.0,True,0.4504924184866117,0.5089830149378988,0.0337789551722142,37.193183372144695,0.19795516328500706,0.1933564416556334
642860,2023-01-30,642860_2023-01-30_104448,750,1.0,True,0.4504924184866117,0.5230203654404554,0.03398319621202177,36.905499658914025,0.19795516328500706,0.1933564416556334
642860,2023-01-30,642860_2023-01-30_104448,751,1.0,True,0.4504924184866117,0.5362093421908332,0.03295298751372255,34.620253371518594,0.19795516328500706,0.1933564416556334
642860,2023-01-30,642860_2023-01-30_104448,752,1.0,True,0.4504924184866117,0.5482272470253312,0.031854779653802456,33.973089819081835,0.19795516328500706,0.1933564416556334
642860,2023-01-30,642860_2023-01-30_104448,753,1.0,False,0.4504924184866117,0.5595012317491865,0.0339812273522413,33.248918782079954,0.19795516328500706,0.1933564416556334
642860,2023-01-30,642860_2023-01-30_104448,754,1.0,False,0.4504924184866117,0.5368974138246232,0.03324305198605388,31.664073365931554,0.19795516328500706,0.1933564416556334
642860,2023-01-30,642860_2023-01-30_104448,755,1.0,False,0.4504924184866117,0.5167604968985411,0.031182802354604404,29.477857987967564,0.19795516328500706,0.1933564416556334
642860,2023-01-30,642860_2023-01-30_104448,757,1.0,False,0.4504924184866117,0.4992417470945607,0.03217663734213129,28.417755164549888,0.19795516328500706,0.1933564416556334
642860,2023-01-30,642860_2023-01-30_104448,758,1.0,False,0.4504924184866117,0.4821376413025108,0.03315892789811313,27.558665436797398,0.19795516328500706,0.1933564416556334
642860,2023-01-30,642860_2023-01-30_104448,760,0.0,True,0.4504924184866117,0.46562675173274387,0.03167662418240207,26.158293895854303,0.19795516328500706,0.1933564416556334
642860,2023-01-30,642860_2023-01-30_104448,769,1.0,True,0.4670864696968872,0.46562675173274387,0.03235622935718328,25.522996870852037,0.19795516328500706,0.1933564416556334
642860,2023-01-30,642860_2023-01-30_104448,775,0.0,False,0.4670864696968872,0.48288805560869885,0.03170267282032747,24.22678762094167,0.19795516328500706,0.1933564416556334
642860,2023-01-30,642860_2023-01-30_104448,780,0.0,True,0.450917549470843,0.48288805560869885,0.031606973904514064,23.550616502813916,0.19795516328500706,0.1933564416556334
642860,2023-01-30,642860_2023-01-30_104448,781,0.0,False,0.467561716677271,0.48288805560869885,0.03150614195843834,23.612899778119125,0.19795516328500706,0.1933564416556334
642860,2023-01-30,642860_2023-01-30_104448,784,0.0,True,0.45159075657261066,0.48288805560869885,0.03107109716850181,23.02835144131602,0.19795516328500706,0.1933564416556334
642860,2023-01-30,642860_2023-01-30_104448,785,1.0,False,0.4680061180769776,0.48288805560869885,0.031147822706961398,23.063511894483575,0.19795516328500706,0.1933564416556334
642860,2023-01-30,642860_2023-01-30_104448,788,1.0,False,0.4680061180769776,0.46719510028689887,0.031434155184785414,23.394798917275917,0.19795516328500706,0.1933564416556334
643987,2022-12-14,643987_2022-12-14_121146,0,1.0,True,0.036375472812971266,0.47165623853692396,0.08658730182462146,12.185000885189256,0.1357090825746113,0.16470706572210955
643987,2022-12-14,643987_2022-12-14_121146,1,1.0,True,0.036375472812971266,0.5180146551608842,0.08430669815366042,15.285165754088322,0.1357090825746113,0.16470706572210955
643987,2022-12-14,643987_2022-12-14_121146,2,1.0,True,0.036375472812971266,0.5591748889551089,0.09777164814124503,17.709440126447696,0.1357090825746113,0.16470706572210955
643987,2022-12-14,643987_2022-12-14_121146,4,1.0,True,0.036375472812971266,0.6030043221840291,0.09728271468253033,20.440692764249043,0.1357090825746113,0.16470706572210955
643987,2022-12-14,643987_2022-12-14_121146,5,1.0,False,0.036375472812971266,0.6422771729467948,0.08220999669746201,23.131015494658957,0.1357090825746113,0.16470706572210955
643987,2022-12-14,643987_2022-12-14_121146,6,1.0,True,0.036375472812971266,0.589940669550559,0.07718566570200018,30.560976952414485,0.1357090825746113,0.16470706572210955
643987,2022-12-14,643987_2022-12-14_121146,7,1.0,False,0.036375472812971266,0.6220914468331668,0.06766608801579103,37.200160502546765,0.1357090825746113,0.16470706572210955
643987,2022-12-14,643987_2022-12-14_121146,8,1.0,True,0.036375472812971266,0.5803178560780152,0.07052018331792397,43.53672675199711,0.1357090825746113,0.16470706572210955
643987,2022-12-14,643987_2022-12-14_121146,9,1.0,True,0.036375472812971266,0.6103129069712593,0.06151883287041568,33.22406316925265,0.1357090825746113,0.16470706572210955
643987,2022-12-14,643987_2022-12-14_121146,10,1.0,True,0.036375472812971266,0.6345099571840522,0.06629297123991555,45.31718843832461,0.1357090825746113,0.16470706572210955
643987,2022-12-14,643987_2022-12-14_121146,12,1.0,True,0.036375472812971266,0.6590167702698914,0.07204223466808234,52.87699153165486,0.1357090825746113,0.16470706572210955
643987,2022-12-14,643987_2022-12-14_121146,13,1.0,False,0.036375472812971266,0.6838972757938744,0.07765207493023822,54.24467536844608,0.1357090825746113,0.16470706572210955
643987,2022-12-14,643987_2022-12-14_121146,14,1.0,True,0.036375472812971266,0.6310821720499059,0.08665152395803792,69.58149296818593,0.1357090825746113,0.16470706572210955
643987,2022-12-14,643987_2022-12-14_121146,15,1.0,True,0.036375472812971266,0.6635141675701222,0.0857719750890712,68.82280724841816,0.1357090825746113,0.16470706572210955
643987,2022-12-14,643987_2022-12-14_121146,16,1.0,True,0.036375472812971266,0.6927623336751472,0.09278854199982153,57.31920752652365,0.1357090825746113,0.16470706572210955
643987,2022-12-14,643987_2022-12-14_121146,17,1.0,True,0.036375472812971266,0.7216027583049439,0.07396369196363077,60.305221197871994,0.1357090825746113,0.16470706572210955
643987,2022-12-14,643987_2022-12-14_121146,18,1.0,True,0.036375472812971266,0.7423631348735803,0.07980289376613013,56.13067446357114,0.1357090825746113,0.16470706572210955
643987,2022-12-14,643987_2022-12-14_121146,19,1.0,True,0.036375472812971266,0.7630566202777659,0.08412140061333499,61.634332438016784,0.1357090825746113,0.16470706572210955
643987,2022-12-14,643987_2022-12-14_121146,20,1.0,True,0.036375472812971266,0.78307657061357,0.07117371338612337,63.40220763280175,0.1357090825746113,0.16470706572210955
643987,2022-12-14,643987_2022-12-14_121146,21,1.0,True,0.036375472812971266,0.798545237461949,0.06201873690577759,45.52480621547625,0.1357090825746113,0.16470706572210955
643987,2022-12-14,643987_2022-12-14_121146,22,1.0,True,0.036375472812971266,0.8110451315982199,0.07676147441291409,34.654053374060254,0.1357090825746113,0.16470706572210955
643987,2022-12-14,643987_2022-12-14_121146,23,1.0,True,0.036375472812971266,0.8255355757963969,0.06252593847646534,46.516950252950636,0.1357090825746113,0.16470706572210955
643987,2022-12-14,643987_2022-12-14_121146,24,1.0,True,0.036375472812971266,0.8364136237791306,0.046587289224209294,40.30640057795361,0.1357090825746113,0.16470706572210955
643987,2022-12-14,643987_2022-12-14_121146,25,1.0,True,0.036375472812971266,0.8440054194413369,0.06672314033890735,39.329333030563554,0.1357090825746113,0.16470706572210955
643987,2022-12-14,643987_2022-12-14_121146,26,1.0,True,0.036375472812971266,0.854351615546502,0.06968832823869898,42.54842713773255,0.1357090825746113,0.16470706572210955
643987,2022-12-14,643987_2022-12-14_121146,27,1.0,True,0.036375472812971266,0.864418966983094,0.07266900339434515,46.66751289048413,0.1357090825746113,0.16470706572210955
643987,2022-12-14,643987_2022-12-14_121146,28,1.0,True,0.036375472812971266,0.8741654873210585,0.06898238786814355,44.646734185646544,0.1357090825746113,0.16470706572210955
643987,2022-12-14,643987_2022-12-14_121146,29,1.0,True,0.036375472812971266,0.8827315120158225,0.07313234083030833,57.469050786687625,0.1357090825746113,0.16470706572210955
643987,2022-12-14,643987_2022-12-14_121146,30,1.0,True,0.036375472812971266,0.8911704897344745,0.06903367758436754,67.43163783317928,0.1357090825746113,0.16470706572210955
643987,2022-12-14,643987_2022-12-14_121146,31,1.0,True,0.036375472812971266,0.8985407187269184,0.06612534379475549,73.87280644760314,0.1357090825746113,0.16470706572210955
643987,2022-12-14,643987_2022-12-14_121146,32,1.0,True,0.036375472812971266,0.9050972059325847,0.07997892913557492,64.04132286238224,0.1357090825746113,0.16470706572210955
643987,2022-12-14,643987_2022-12-14_121146,33,1.0,True,0.036375472812971266,0.9124872400761086,0.0869253042877729,77.20396726849587,0.1357090825746113,0.16470706572210955
643987,2022-12-14,643987_2022-12-14_121146,34,1.0,True,0.036375472812971266,0.919877791579256,0.09293909468193388,61.02511384283029,0.1357090825746113,0.16470706572210955
643987,2022-12-14,643987_2022-12-14_121146,35,1.0,True,0.036375472812971266,0.9270707386013666,0.08695834690763922,52.018581922440596,0.1357090825746113,0.16470706572210955
643987,2022-12-14,643987_2022-12-14_121146,36,1.0,True,0.036375472812971266,0.9331779322055181,0.08045825981660085,63.73556629942889,0.1357090825746113,0.16470706572210955
643987,2022-12-14,643987_2022-12-14_121146,37,1.0,True,0.036375472812971266,0.9383262100156127,0.08400105905356825,68.86444468194894,0.1357090825746113,0.16470706572210955
643987,2022-12-14,643987_2022-12-14_121146,38,1.0,True,0.036375472812971266,0.9432552573090176,0.06749942236123221,61.5266237505774,0.1357090825746113,0.16470706572210955
643987,2022-12-14,643987_2022-12-14_121146,39,1.0,False,0.036375472812971266,0.9469149447252881,0.0616405650880528,75.79380445835444,0.1357090825746113,0.16470706572210955
643987,2022-12-14,643987_2022-12-14_121146,40,1.0,False,0.036375472812971266,0.8883898923120636,0.06813560330977583,64.62556514202187,0.1357090825746113,0.16470706572210955
643987,2022-12-14,643987_2022-12-14_121146,41,1.0,True,0.036375472812971266,0.827751064084923,0.0445925626550867,55.583614089460596,0.1357090825746113,0.16470706572210955
643987,2022-12-14,643987_2022-12-14_121146,42,1.0,True,0.036375472812971266,0.83543293456463,0.030068350504332205,50.85983772258862,0.1357090825746113,0.16470706572210955
643987,2022-12-14,643987_2022-12-14_121146,43,1.0,False,0.036375472812971266,0.8403794636055938,0.032285013949855425,47.09607577948113,0.1357090825746113,0.16470706572210955
643987,2022-12-14,643987_2022-12-14_121146,44,1.0,True,0.036375472812971266,0.8132439835220923,0.03443120834364154,43.74754598172271,0.1357090825746113,0.16470706572210955
643987,2022-12-14,643987_2022-12-14_121146,45,1.0,True,0.036375472812971266,0.8196819600415497,0.03458587648964436,38.30500130175353,0.1357090825746113,0.16470706572210955
643987,2022-12-14,643987_2022-12-14_121146,46,1.0,True,0.036375472812971266,0.8259233778488153,0.028341988361788594,47.43451866015505,0.1357090825746113,0.16470706572210955
643987,2022-12-14,643987_2022-12-14_121146,47,1.0,True,0.036375472812971266,0.8308570023012656,0.028368078927209165,35.64825962463822,0.1357090825746113,0.16470706572210955
643987,2022-12-14,643987_2022-12-14_121146,48,1.0,True,0.036375472812971266,0.8356533895735021,0.028390291626309634,34.68685633977993,0.1357090825746113,0.16470706572210955
643987,2022-12-14,643987_2022-12-14_121146,49,1.0,True,0.036375472812971266,0.8403165092794461,0.030060745234347024,36.303867877426306,0.1357090825746113,0.16470706572210955
643987,2022-12-14,643987_2022-12-14_121146,50,1.0,True,0.036375472812971266,0.8451120533090168,0.034568052944431056,41.02878029340476,0.1357090825746113,0.16470706572210955
643987,2022-12-14,643987_2022-12-14_121146,51,1.0,True,0.036375472812971266,0.8504573881872799,0.02754083252545186,41.85555689010818,0.1357090825746113,0.16470706572210955
643987,2022-12-14,643987_2022-12-14_121146,52,1.0,True,0.036375472812971266,0.8545682568939102,0.024429004729660135,42.62696045254021,0.1357090825746113,0.16470706572210955
643987,2022-12-14,643987_2022-12-14_121146,53,1.0,True,0.036375472812971266,0.8581145884027261,0.026563328038236005,56.77963777945715,0.1357090825746113,0.16470706572210955
643987,2022-12-14,643987_2022-12-14_121146,54,1.0,True,0.036375472812971266,0.8618769989084896,0.02913214066923553,51.55611065943244,0.1357090825746113,0.16470706572210955
643987,2022-12-14,643987_2022-12-14_121146,56,1.0,True,0.036375472812971266,0.8658929488185408,0.02623918715542709,47.14252036767747,0.1357090825746113,0.16470706572210955
643987,2022-12-14,643987_2022-12-14_121146,57,1.0,True,0.036375472812971266,0.8694093406325173,0.027272074905463937,47.94139454772785,0.1357090825746113,0.16470706572210955
643987,2022-12-14,643987_2022-12-14_121146,58,1.0,True,0.036375472812971266,0.8729673198817547,0.020768100443475143,48.26025657085146,0.1357090825746113,0.16470706572210955
643987,2022-12-14,643987_2022-12-14_121146,59,1.0,True,0.036375472812971266,0.8756060534065696,0.020174113748683657,47.04826637852559,0.1357090825746113,0.16470706572210955
643987,2022-12-14,643987_2022-12-14_121146,60,1.0,True,0.036375472812971266,0.8781172732656263,0.019691426886228113,52.05363844308723,0.1357090825746113,0.16470706572210955
643987,2022-12-14,643987_2022-12-14_121146,61,1.0,True,0.036375472812971266,0.8805184635700023,0.01700482662814021,56.171322730120394,0.1357090825746113,0.16470706572210955
643987,2022-12-14,643987_2022-12-14_121146,62,1.0,True,0.036375472812971266,0.8825520271978241,0.016879431145764238,58.97865574337662,0.1357090825746113,0.16470706572210955
643987,2022-12-14,643987_2022-12-14_121146,63,1.0,True,0.036375472812971266,0.8845337939022241,0.016303669476266627,55.38829145473146,0.1357090825746113,0.16470706572210955
643987,2022-12-14,643987_2022-12-14_121146,64,1.0,True,0.036375472812971266,0.8864157405854323,0.01557421237083473,59.11786662767097,0.1357090825746113,0.16470706572210955
643987,2022-12-14,643987_2022-12-14_121146,65,1.0,False,0.036375472812971266,0.888183836005348,0.018204317867217674,53.54137675406004,0.1357090825746113,0.16470706572210955
643987,2022-12-14,643987_2022-12-14_121146,66,1.0,True,0.036375472812971266,0.8720113997253769,0.022207674279257447,54.670784018784666,0.1357090825746113,0.16470706572210955
643987,2022-12-14,643987_2022-12-14_121146,67,1.0,True,0.036375472812971266,0.8748502311036983,0.025944763020022143,51.834771335037125,0.1357090825746113,0.16470706572210955
643987,2022-12-14,643987_2022-12-14_121146,68,1.0,True,0.036375472812971266,0.8780905557688059,0.024600476099695224,31.043081345591055,0.1357090825746113,0.16470706572210955
643987,2022-12-14,643987_2022-12-14_121146,69,1.0,True,0.036375472812971266,0.8810822706534914,0.029568023950742525,37.498661293774795,0.1357090825746113,0.16470706572210955
643987,2022-12-14,643987_2022-12-14_121146,70,1.0,True,0.036375472812971266,0.884587280589849,0.030571644066947224,35.17237859498562,0.1357090825746113,0.16470706572210955
643987,2022-12-14,643987_2022-12-14_121146,71,1.0,True,0.036375472812971266,0.8881030595132333,0.027107826327049545,40.781071440131186,0.1357090825746113,0.16470706572210955
643987,2022-12-14,643987_2022-12-14_121146,72,1.0,True,0.036375472812971266,0.8911260176122405,0.029208837316456567,40.54615197540659,0.1357090825746113,0.16470706572210955
643987,2022-12-14,643987_2022-12-14_121146,73,1.0,False,0.036375472812971266,0.8942903794431091,0.03305744950100029,36.79341834320581,0.1357090825746113,0.16470706572210955
643987,2022-12-14,643987_2022-12-14_121146,74,1.0,True,0.036375472812971266,0.8647108820591138,0.03750517910041583,28.69967862549202,0.1357090825746113,0.16470706572210955
643987,2022-12-14,643987_2022-12-14_121146,75,1.0,False,0.036375472812971266,0.8697800090785814,0.04762314400397196,30.693887984182325,0.1357090825746113,0.16470706572210955
643987,2022-12-14,643987_2022-12-14_121146,76,1.0,False,0.036375472812971266,0.8283455403782153,0.040091976181546966,27.953544817650865,0.1357090825746113,0.16470706572210955
643987,2022-12-14,643987_2022-12-14_121146,77,1.0,False,0.036375472812971266,0.7951687088097397,0.037452056498459105,29.981270060755957,0.1357090825746113,0.16470706572210955
643987,2022-12-14,643987_2022-12-14_121146,78,1.0,True,0.036375472812971266,0.7654474649542319,0.03410850156998745,30.141386218948718,0.1357090825746113,0.16470706572210955
643987,2022-12-14,643987_2022-12-14_121146,79,1.0,False,0.036375472812971266,0.7735250619525084,0.034071800265698775,33.27705770783383,0.1357090825746113,0.16470706572210955
643987,2022-12-14,643987_2022-12-14_121146,80,1.0,True,0.036375472812971266,0.7472387121917582,0.027581910352646028,28.408492780450203,0.1357090825746113,0.16470706572210955
643987,2022-12-14,643987_2022-12-14_121146,81,1.0,True,0.036375472812971266,0.7542812383908656,0.02836487278123735,35.40825207123577,0.1357090825746113,0.16470706572210955
643987,2022-12-14,643987_2022-12-14_121146,82,1.0,False,0.036375472812971266,0.7613122227435841,0.02813391794829917,34.38213574303229,0.1357090825746113,0.16470706572210955
643987,2022-12-14,643987_2022-12-14_121146,83,1.0,False,0.036375472812971266,0.73995579353016,0.03359541853885769,27.604064046847004,0.1357090825746113,0.16470706572210955
643987,2022-12-14,643987_2022-12-14_121146,84,1.0,False,0.036375472812971266,0.7151900213981562,0.0338273064114551,32.8384362779323,0.1357090825746113,0.16470706572210955
643987,2022-12-14,643987_2022-12-14_121146,85,1.0,False,0.036375472812971266,0.691107764094491,0.03191642117619591,27.87428971374614,0.1357090825746113,0.16470706572210955
643987,2022-12-14,643987_2022-12-14_121146,86,1.0,False,0.036375472812971266,0.6691728675927925,0.03852956232938651,31.16773516921239,0.1357090825746113,0.16470706572210955
643987,2022-12-14,643987_2022-12-14_121146,87,1.0,False,0.036375472812971266,0.6435797080821938,0.04273066839411983,31.737627544834112,0.1357090825746113,0.16470706572210955
643987,2022-12-14,643987_2022-12-14_121146,88,1.0,True,0.036375472812971266,0.6163284716691897,0.04156673746086253,35.50596759046243,0.1357090825746113,0.16470706572210955
643987,2022-12-14,643987_2022-12-14_121146,89,1.0,False,0.036375472812971266,0.6325617099496196,0.04589063891010069,34.999955895648355,0.1357090825746113,0.16470706572210955
643987,2022-12-14,643987_2022-12-14_121146,90,1.0,True,0.036375472812971266,0.6038368278882108,0.052109298914509515,36.444936172988264,0.1357090825746113,0.16470706572210955
643987,2022-12-14,643987_2022-12-14_121146,91,1.0,True,0.036375472812971266,0.6248707090611617,0.04791449401697116,37.93198904798837,0.1357090825746113,0.16470706572210955
643987,2022-12-14,643987_2022-12-14_121146,92,1.0,False,0.036375472812971266,0.6431673922006051,0.0502454439631385,38.11138276496594,0.1357090825746113,0.16470706572210955
643987,2022-12-14,643987_2022-12-14_121146,93,1.0,False,0.036375472812971266,0.6111615080374558,0.04170715050363965,38.05188566635031,0.1357090825746113,0.16470706572210955
643987,2022-12-14,643987_2022-12-14_121146,94,1.0,True,0.036375472812971266,0.5859714499820362,0.0419231319386314,44.233997939203995,0.1357090825746113,0.16470706572210955
643987,2022-12-14,643987_2022-12-14_121146,95,1.0,False,0.036375472812971266,0.6036752495422124,0.03756960796399,36.9257473880318,0.1357090825746113,0.16470706572210955
643987,2022-12-14,643987_2022-12-14_121146,96,1.0,False,0.036375472812971266,0.5812660087352872,0.03068252162455468,39.75315619487613,0.1357090825746113,0.16470706572210955
643987,2022-12-14,643987_2022-12-14_121146,97,1.0,False,0.036375472812971266,0.5636718315658907,0.026684434999438282,28.69102461266177,0.1357090825746113,0.16470706572210955
643987,2022-12-14,643987_2022-12-14_121146,98,1.0,True,0.036375472812971266,0.548848874131014,0.028874553533771122,30.946760922896676,0.1357090825746113,0.16470706572210955
643987,2022-12-14,643987_2022-12-14_121146,99,1.0,True,0.036375472812971266,0.5621180002571871,0.025940451442677332,32.35010332110997,0.1357090825746113,0.16470706572210955
643987,2022-12-14,643987_2022-12-14_121146,100,1.0,False,0.036375472812971266,0.5736820475740089,0.022967133928282018,34.539133978613926,0.1357090825746113,0.16470706572210955
643987,2022-12-14,643987_2022-12-14_121146,101,1.0,True,0.036375472812971266,0.5606843733757578,0.02103260388051217,32.004199294190386,0.1357090825746113,0.16470706572210955
643987,2022-12-14,643987_2022-12-14_121146,102,1.0,True,0.036375472812971266,0.5700970088877017,0.019281461860896288,34.35114594323442,0.1357090825746113,0.16470706572210955
643987,2022-12-14,643987_2022-12-14_121146,103,1.0,False,0.036375472812971266,0.5785309938872049,0.019063910254339574,41.728890688185544,0.1357090825746113,0.16470706572210955
643987,2022-12-14,643987_2022-12-14_121146,104,1.0,False,0.036375472812971266,0.5676346105146728,0.01286373929789436,40.27801354080219,0.1357090825746113,0.16470706572210955
643987,2022-12-14,643987_2022-12-14_121146,105,1.0,False,0.036375472812971266,0.5604039377696418,0.011455310403901676,29.377957007609005,0.1357090825746113,0.16470706572210955
643987,2022-12-14,643987_2022-12-14_121146,106,1.0,True,0.036375472812971266,0.554041705124175,0.010666072019194638,28.0809420972445,0.1357090825746113,0.16470706572210955
643987,2022-12-14,643987_2022-12-14_121146,107,1.0,False,0.036375472812971266,0.5588510838652346,0.010397985088075233,27.601053512067118,0.1357090825746113,0.16470706572210955
643987,2022-12-14,643987_2022-12-14_121146,108,1.0,True,0.036375472812971266,0.5530853407941702,0.010322512799415385,34.95077074027376,0.1357090825746113,0.16470706572210955
643987,2022-12-14,643987_2022-12-14_121146,109,1.0,False,0.036375472812971266,0.5577429396978606,0.010220870805579005,31.16123786173618,0.1357090825746113,0.16470706572210955
643987,2022-12-14,643987_2022-12-14_121146,110,1.0,True,0.036375472812971266,0.5520897793368523,0.009124474618580607,25.319766427453253,0.1357090825746113,0.16470706572210955
643987,2022-12-14,643987_2022-12-14_121146,111,1.0,False,0.036375472812971266,0.5562243313782506,0.008262134541731964,21.24455155696501,0.1357090825746113,0.16470706572210955
643987,2022-12-14,643987_2022-12-14_121146,112,1.0,True,0.036375472812971266,0.5516751773307438,0.007490610215878138,24.94861081206847,0.1357090825746113,0.16470706572210955
643987,2022-12-14,643987_2022-12-14_121146,113,1.0,True,0.036375472812971266,0.5550683808800946,0.006861760296691883,19.549814228415325,0.1357090825746113,0.16470706572210955
643987,2022-12-14,643987_2022-12-14_121146,114,1.0,True,0.036375472812971266,0.5581493472844928,0.006942188960892644,19.329911095998877,0.1357090825746113,0.16470706572210955
643987,2022-12-14,643987_2022-12-14_121146,115,1.0,True,0.036375472812971266,0.5612516285323497,0.006703570692477003,19.242312322105377,0.1357090825746113,0.16470706572210955
643987,2022-12-14,643987_2022-12-14_121146,116,1.0,True,0.036375472812971266,0.5642266327090368,0.007906801125214859,21.586495773994898,0.1357090825746113,0.16470706572210955
643987,2022-12-14,643987_2022-12-14_121146,117,1.0,True,0.036375472812971266,0.567707523856114,0.007562518584082824,19.549904477761515,0.1357090825746113,0.16470706572210955
643987,2022-12-14,643987_2022-12-14_121146,118,1.0,False,0.036375472812971266,0.571011484942349,0.009785443164671134,20.791634186696587,0.1357090825746113,0.16470706572210955
643987,2022-12-14,643987_2022-12-14_121146,119,1.0,True,0.036375472812971266,0.5654805355996386,0.008709661741287527,19.673563677541,0.1357090825746113,0.16470706572210955
643987,2022-12-14,643987_2022-12-14_121146,120,1.0,True,0.036375472812971266,0.5693111313623207,0.009086697877788843,19.150653803516118,0.1357090825746113,0.16470706572210955
643987,2022-12-14,643987_2022-12-14_121146,121,1.0,False,0.036375472812971266,0.5732695481810247,0.008875874691800852,20.730685335411742,0.1357090825746113,0.16470706572210955
643987,2022-12-14,643987_2022-12-14_121146,122,1.0,True,0.036375472812971266,0.5682248260413123,0.009155891960641909,21.607726492135754,0.1357090825746113,0.16470706572210955
643987,2022-12-14,643987_2022-12-14_121146,123,1.0,False,0.036375472812971266,0.5722240116747332,0.00936281780365838,18.659484242802797,0.1357090825746113,0.16470706572210955
643987,2022-12-14,643987_2022-12-14_121146,124,1.0,True,0.036375472812971266,0.5669117082817077,0.009416341157737613,14.773866998722346,0.1357090825746113,0.16470706572210955
643987,2022-12-14,643987_2022-12-14_121146,125,1.0,True,0.036375472812971266,0.5710349642156558,0.009232883482369543,15.389490728371651,0.1357090825746113,0.16470706572210955
643987,2022-12-14,643987_2022-12-14_121146,126,1.0,True,0.036375472812971266,0.5750361702403328,0.011901283839719655,16.030527582508302,0.1357090825746113,0.16470706572210955
643987,2022-12-14,643987_2022-12-14_121146,127,1.0,False,0.036375472812971266,0.5801531893787037,0.013096095058160397,19.30553482161649,0.1357090825746113,0.16470706572210955
643987,2022-12-14,643987_2022-12-14_121146,128,1.0,False,0.036375472812971266,0.5726284477904602,0.015002845477842242,17.184963427109654,0.1357090825746113,0.16470706572210955
643987,2022-12-14,643987_2022-12-14_121146,129,1.0,False,0.036375472812971266,0.5641336027250455,0.019494948154497087,17.002289901297807,0.1357090825746113,0.16470706572210955
643987,2022-12-14,643987_2022-12-14_121146,130,1.0,False,0.036375472812971266,0.553267447280712,0.015783227294580926,13.113369995510094,0.1357090825746113,0.16470706572210955
643987,2022-12-14,643987_2022-12-14_121146,131,1.0,False,0.036375472812971266,0.5446292954512695,0.016063536587288128,11.244524218917613,0.1357090825746113,0.16470706572210955
643987,2022-12-14,643987_2022-12-14_121146,132,1.0,True,0.036375472812971266,0.5359620267459326,0.017201571698206037,10.556561462146293,0.1357090825746113,0.16470706572210955
643987,2022-12-14,643987_2022-12-14_121146,133,1.0,False,0.036375472812971266,0.5440171870206014,0.01652212789171929,11.378953579714372,0.1357090825746113,0.16470706572210955
643987,2022-12-14,643987_2022-12-14_121146,134,1.0,True,0.036375472812971266,0.5351042090182284,0.020394418111388195,14.640789993914437,0.1357090825746113,0.16470706572210955
643987,2022-12-14,643987_2022-12-14_121146,135,1.0,False,0.036375472812971266,0.5446947820194254,0.01994741090384861,11.554415658812955,0.1357090825746113,0.16470706572210955
643987,2022-12-14,643987_2022-12-14_121146,136,1.0,False,0.036375472812971266,0.5339193671187711,0.022261234056824383,9.09958566031902,0.1357090825746113,0.16470706572210955
643987,2022-12-14,643987_2022-12-14_121146,137,1.0,True,0.036375472812971266,0.5221302199770615,0.028509413735814115,8.504470599908755,0.1357090825746113,0.16470706572210955
643987,2022-12-14,643987_2022-12-14_121146,138,1.0,True,0.036375472812971266,0.5358874305446745,0.033808598362665296,11.355434751470888,0.1357090825746113,0.16470706572210955
643987,2022-12-14,643987_2022-12-14_121146,139,1.0,False,0.036375472812971266,0.5517403584366157,0.04292872257332804,11.391970706361079,0.1357090825746113,0.16470706572210955
643987,2022-12-14,643987_2022-12-14_121146,140,1.0,True,0.036375472812971266,0.5282374630327318,0.04343653831710906,9.041854621941049,0.1357090825746113,0.16470706572210955
643987,2022-12-14,643987_2022-12-14_121146,141,1.0,True,0.036375472812971266,0.548885936127124,0.037754417685291634,7.860636520690006,0.1357090825746113,0.16470706572210955
643987,2022-12-14,643987_2022-12-14_121146,142,1.0,True,0.036375472812971266,0.5660222293769228,0.03738022501060221,8.017946001437291,0.1357090825746113,0.16470706572210955
643987,2022-12-14,643987_2022-12-14_121146,143,1.0,True,0.036375472812971266,0.5823801862498067,0.03314497713130291,7.168842941359357,0.1357090825746113,0.16470706572210955
643987,2022-12-14,643987_2022-12-14_121146,144,1.0,False,0.036375472812971266,0.5962895380914285,0.0283872393386084,6.528526648091546,0.1357090825746113,0.16470706572210955
643987,2022-12-14,643987_2022-12-14_121146,145,1.0,True,0.036375472812971266,0.5793879779699839,0.03810433325960249,5.9101401133884695,0.1357090825746113,0.16470706572210955
643987,2022-12-14,643987_2022-12-14_121146,146,1.0,True,0.036375472812971266,0.5955264421460374,0.043567038104397264,6.901656187483811,0.1357090825746113,0.16470706572210955
643987,2022-12-14,643987_2022-12-14_121146,147,1.0,True,0.036375472812971266,0.6132894597313234,0.03244942719389287,8.29072838467959,0.1357090825746113,0.16470706572210955
643987,2022-12-14,643987_2022-12-14_121146,148,1.0,False,0.036375472812971266,0.6259041013341649,0.028626798913413222,8.599389752771849,0.1357090825746113,0.16470706572210955
643987,2022-12-14,643987_2022-12-14_121146,149,1.0,True,0.036375472812971266,0.6080464573032777,0.0270852360473759,7.605568040422361,0.1357090825746113,0.16470706572210955
643987,2022-12-14,643987_2022-12-14_121146,150,1.0,True,0.036375472812971266,0.6187079796580919,0.03211816589660972,6.733265348394673,0.1357090825746113,0.16470706572210955
643987,2022-12-14,643987_2022-12-14_121146,151,1.0,True,0.036375472812971266,0.631052021032838,0.034625168194483136,5.24812348658502,0.1357090825746113,0.16470706572210955
643987,2022-12-14,643987_2022-12-14_121146,152,1.0,True,0.036375472812971266,0.6439327168053305,0.0304783947562836,6.661018580917403,0.1357090825746113,0.16470706572210955
643987,2022-12-14,643987_2022-12-14_121146,153,1.0,False,0.036375472812971266,0.654867460728249,0.029846124324940534,6.220107015130503,0.1357090825746113,0.16470706572210955
643987,2022-12-14,643987_2022-12-14_121146,155,1.0,True,0.036375472812971266,0.635392862785615,0.02936362482893737,7.19976116380053,0.1357090825746113,0.16470706572210955
643987,2022-12-14,643987_2022-12-14_121146,156,1.0,True,0.036375472812971266,0.6461880292040236,0.0253588841446199,6.409531676641311,0.1357090825746113,0.16470706572210955
643987,2022-12-14,643987_2022-12-14_121146,157,1.0,True,0.036375472812971266,0.6552232832348842,0.022990019509486374,7.1263237557194925,0.1357090825746113,0.16470706572210955
643987,2022-12-14,643987_2022-12-14_121146,158,1.0,True,0.036375472812971266,0.6631994248857283,0.025476794651556795,5.046356692801942,0.1357090825746113,0.16470706572210955
643987,2022-12-14,643987_2022-12-14_121146,159,1.0,True,0.036375472812971266,0.6718331814848942,0.023587867081201398,4.233869243645812,0.1357090825746113,0.16470706572210955
643987,2022-12-14,643987_2022-12-14_121146,160,0.0,False,0.036375472812971266,0.6796176176713036,0.025540881794435526,3.162284358203477,0.1357090825746113,0.16470706572210955
643987,2022-12-14,643987_2022-12-14_121146,161,0.0,True,0.03575933454961666,0.6796176176713036,0.02606583502899693,3.242645850949734,0.1357090825746113,0.16470706572210955
643987,2022-12-14,643987_2022-12-14_121146,162,0.0,True,0.061211794007757454,0.6796176176713036,0.02717715970472578,3.209297507923168,0.1357090825746113,0.16470706572210955
643987,2022-12-14,643987_2022-12-14_121146,163,0.0,True,0.08704311949370827,0.6796176176713036,0.03547860088333811,3.056888610967983,0.1357090825746113,0.16470706572210955
643987,2022-12-14,643987_2022-12-14_121146,164,0.0,True,0.1198679840539183,0.6796176176713036,0.032562053315566365,4.209602998710661,0.1357090825746113,0.16470706572210955
643987,2022-12-14,643987_2022-12-14_121146,165,0.0,True,0.1488678642925866,0.6796176176713036,0.03440433202785017,4.815398232679805,0.1357090825746113,0.16470706572210955
643987,2022-12-14,643987_2022-12-14_121146,166,1.0,True,0.17849304336303604,0.6796176176713036,0.0355319496807911,4.49865588656601,0.1357090825746113,0.16470706572210955
643987,2022-12-14,643987_2022-12-14_121146,167,1.0,True,0.17849304336303604,0.6910877656762879,0.02953811276541446,5.0775354536728425,0.1357090825746113,0.16470706572210955
643987,2022-12-14,643987_2022-12-14_121146,168,1.0,True,0.17849304336303604,0.7002706214784205,0.03433158058875522,5.0640814942266275,0.1357090825746113,0.16470706572210955
643987,2022-12-14,643987_2022-12-14_121146,169,1.0,True,0.17849304336303604,0.710621514842398,0.039433948555929015,6.182026721235825,0.1357090825746113,0.16470706572210955
643987,2022-12-14,643987_2022-12-14_121146,170,1.0,False,0.17849304336303604,0.7220878953390973,0.03059519076599792,6.3754442499818085,0.1357090825746113,0.16470706572210955
643987,2022-12-14,643987_2022-12-14_121146,171,1.0,True,0.17849304336303604,0.7000213426539287,0.02803255930930801,6.274439107612107,0.1357090825746113,0.16470706572210955
643987,2022-12-14,643987_2022-12-14_121146,172,1.0,True,0.17849304336303604,0.7084711080817507,0.032971249718345794,7.2932457262569335,0.1357090825746113,0.16470706572210955
643987,2022-12-14,643987_2022-12-14_121146,173,1.0,True,0.17849304336303604,0.7181265468906092,0.04375717011921297,9.528579254166523,0.1357090825746113,0.16470706572210955
643987,2022-12-14,643987_2022-12-14_121146,174,1.0,True,0.17849304336303604,0.7305052927336383,0.05056319804261469,8.742991240906916,0.1357090825746113,0.16470706572210955
643987,2022-12-14,643987_2022-12-14_121146,175,1.0,True,0.17849304336303604,0.7441605145888467,0.052101820195894454,9.673206345170053,0.1357090825746113,0.16470706572210955
643987,2022-12-14,643987_2022-12-14_121146,176,1.0,True,0.17849304336303604,0.7574923826004997,0.044346401690918566,9.40974616086321,0.1357090825746113,0.16470706572210955
643987,2022-12-14,643987_2022-12-14_121146,177,1.0,True,0.17849304336303604,0.7682271449958201,0.04574724607480681,8.526237348309747,0.1357090825746113,0.16470706572210955
643987,2022-12-14,643987_2022-12-14_121146,178,1.0,True,0.17849304336303604,0.7787932949472122,0.03737231252248243,10.118025384793475,0.1357090825746113,0.16470706572210955
643987,2022-12-14,643987_2022-12-14_121146,179,1.0,True,0.17849304336303604,0.7870199746251678,0.041787461054490375,11.974065218485514,0.1357090825746113,0.16470706572210955
643987,2022-12-14,643987_2022-12-14_121146,180,1.0,True,0.17849304336303604,0.7958630118748051,0.04968405608745437,10.016834554547659,0.1357090825746113,0.16470706572210955
643987,2022-12-14,643987_2022-12-14_121146,181,1.0,True,0.17849304336303604,0.805917520999354,0.05074427838922187,7.826027898776899,0.1357090825746113,0.16470706572210955
643987,2022-12-14,643987_2022-12-14_121146,182,1.0,True,0.17849304336303604,0.8156566100530589,0.051944110328404125,9.324768432523381,0.1357090825746113,0.16470706572210955
643987,2022-12-14,643987_2022-12-14_121146,183,1.0,True,0.17849304336303604,0.825101235237122,0.04826030030518403,10.058208237170351,0.1357090825746113,0.16470706572210955
643987,2022-12-14,643987_2022-12-14_121146,184,1.0,False,0.17849304336303604,0.8334056669129365,0.052145647895867814,9.51620327112417,0.1357090825746113,0.16470706572210955
643987,2022-12-14,643987_2022-12-14_121146,185,1.0,True,0.17849304336303604,0.789777479289105,0.05430284099297965,10.516670723895633,0.1357090825746113,0.16470706572210955
643987,2022-12-14,643987_2022-12-14_121146,186,1.0,True,0.17849304336303604,0.801114696591403,0.04366391914291613,9.738423348858833,0.1357090825746113,0.16470706572210955
643987,2022-12-14,643987_2022-12-14_121146,187,1.0,False,0.17849304336303604,0.8097175011880111,0.04828819934166578,9.70891919172317,0.1357090825746113,0.16470706572210955
643987,2022-12-14,643987_2022-12-14_121146,188,1.0,True,0.17849304336303604,0.7705102600914033,0.04365582937308346,11.6098513957417,0.1357090825746113,0.16470706572210955
643987,2022-12-14,643987_2022-12-14_121146,189,1.0,True,0.17849304336303604,0.7805026931179744,0.054210836416793334,12.850619641647578,0.1357090825746113,0.16470706572210955
643987,2022-12-14,643987_2022-12-14_121146,190,1.0,True,0.17849304336303604,0.7923484536788801,0.04302371587662633,13.05806251897488,0.1357090825746113,0.16470706572210955
643987,2022-12-14,643987_2022-12-14_121146,191,1.0,True,0.17849304336303604,0.8012237490974118,0.044544023006686556,12.169637839088042,0.1357090825746113,0.16470706572210955
643987,2022-12-14,643987_2022-12-14_121146,192,1.0,True,0.17849304336303604,0.8100010937892713,0.04442923790063251,12.703903125186814,0.1357090825746113,0.16470706572210955
643987,2022-12-14,643987_2022-12-14_121146,193,1.0,True,0.17849304336303604,0.8183541123442964,0.043189290862705565,13.842265574829153,0.1357090825746113,0.16470706572210955
643987,2022-12-14,643987_2022-12-14_121146,194,1.0,False,0.17849304336303604,0.8261039912506166,0.041577236501097146,14.832078171902914,0.1357090825746113,0.16470706572210955
643987,2022-12-14,643987_2022-12-14_121146,195,1.0,True,0.17849304336303604,0.7916536666550403,0.03747667158154814,15.680388502074143,0.1357090825746113,0.16470706572210955
643987,2022-12-14,643987_2022-12-14_121146,196,1.0,True,0.17849304336303604,0.7994171015121806,0.041650158776091226,15.794409128701394,0.1357090825746113,0.16470706572210955
643987,2022-12-14,643987_2022-12-14_121146,197,1.0,True,0.17849304336303604,0.807708454611458,0.04048153381235244,19.52338139417741,0.1357090825746113,0.16470706572210955
643987,2022-12-14,643987_2022-12-14_121146,198,1.0,True,0.17849304336303604,0.815417131996667,0.03569323229135456,31.032566127395175,0.1357090825746113,0.16470706572210955
643987,2022-12-14,643987_2022-12-14_121146,199,1.0,True,0.17849304336303604,0.8219313821224722,0.03063076394130179,35.98627275797071,0.1357090825746113,0.16470706572210955
643987,2022-12-14,643987_2022-12-14_121146,200,1.0,True,0.17849304336303604,0.8273161391394999,0.03855891041971037,40.911228755745725,0.1357090825746113,0.16470706572210955
643987,2022-12-14,643987_2022-12-14_121146,201,1.0,True,0.17849304336303604,0.8338778983248297,0.0300186609666885,33.367806033352394,0.1357090825746113,0.16470706572210955
643987,2022-12-14,643987_2022-12-14_121146,202,1.0,True,0.17849304336303604,0.8387883708966603,0.024433070957765306,36.731805342357816,0.1357090825746113,0.16470706572210955
643987,2022-12-14,643987_2022-12-14_121146,203,1.0,True,0.17849304336303604,0.8426631326697545,0.027639210767171324,35.75145208223747,0.1357090825746113,0.16470706572210955
643987,2022-12-14,643987_2022-12-14_121146,204,1.0,True,0.17849304336303604,0.8469302447507878,0.027399934129834085,31.821755166585305,0.1357090825746113,0.16470706572210955
643987,2022-12-14,643987_2022-12-14_121146,205,1.0,True,0.17849304336303604,0.8510418444293157,0.03016117914223018,28.25109923428072,0.1357090825746113,0.16470706572210955
643987,2022-12-14,643987_2022-12-14_121146,206,1.0,True,0.17849304336303604,0.8554419488547322,0.02467827821683262,31.6692467703649,0.1357090825746113,0.16470706572210955
643987,2022-12-14,643987_2022-12-14_121146,207,1.0,False,0.17849304336303604,0.8589360478857867,0.0189257865619567,29.04892709042467,0.1357090825746113,0.16470706572210955
643987,2022-12-14,643987_2022-12-14_121146,208,1.0,True,0.17849304336303604,0.8426260150823808,0.01627454118539623,33.1539327164534,0.1357090825746113,0.16470706572210955
643987,2022-12-14,643987_2022-12-14_121146,209,1.0,True,0.17849304336303604,0.8451471677009771,0.016516379263128534,31.292213489982046,0.1357090825746113,0.16470706572210955
643987,2022-12-14,643987_2022-12-14_121146,210,1.0,True,0.17849304336303604,0.8476641781655245,0.016238356682223086,36.39794617875487,0.1357090825746113,0.16470706572210955
643987,2022-12-14,643987_2022-12-14_121146,211,1.0,True,0.17849304336303604,0.8501008395482822,0.01602804894763372,46.37658805443005,0.1357090825746113,0.16470706572210955
643987,2022-12-14,643987_2022-12-14_121146,212,1.0,False,0.17849304336303604,0.8524692196414594,0.015349288037076065,45.5448529139366,0.1357090825746113,0.16470706572210955
643987,2022-12-14,643987_2022-12-14_121146,213,1.0,False,0.17849304336303604,0.8393498682935868,0.015800726211585573,54.67011610689625,0.1357090825746113,0.16470706572210955
643987,2022-12-14,643987_2022-12-14_121146,214,1.0,False,0.17849304336303604,0.8260583117158482,0.016005515408897397,46.9797189278348,0.1357090825746113,0.16470706572210955
643987,2022-12-14,643987_2022-12-14_121146,215,1.0,False,0.17849304336303604,0.8128089367179302,0.015077176360731349,64.61429604448708,0.1357090825746113,0.16470706572210955
643987,2022-12-14,643987_2022-12-14_121146,216,1.0,True,0.17849304336303604,0.8005292209244852,0.011853402094642362,83.98672597400628,0.1357090825746113,0.16470706572210955
643987,2022-12-14,643987_2022-12-14_121146,217,1.0,False,0.17849304336303604,0.8028806966129041,0.011473912341393493,84.25614183316691,0.1357090825746113,0.16470706572210955
643987,2022-12-14,643987_2022-12-14_121146,218,1.0,True,0.17849304336303604,0.7936562932464359,0.011018543848501774,84.9945260242361,0.1357090825746113,0.16470706572210955
643987,2022-12-14,643987_2022-12-14_121146,219,1.0,False,0.17849304336303604,0.7959184838619976,0.011339177040856107,74.02520214099525,0.1357090825746113,0.16470706572210955
643987,2022-12-14,643987_2022-12-14_121146,220,1.0,True,0.17849304336303604,0.7868799535499797,0.011443770099742293,86.25836085716682,0.1357090825746113,0.16470706572210955
643987,2022-12-14,643987_2022-12-14_121146,221,1.0,True,0.17849304336303604,0.7893071688859451,0.014624181514687331,94.1813889309378,0.1357090825746113,0.16470706572210955
643987,2022-12-14,643987_2022-12-14_121146,222,1.0,True,0.17849304336303604,0.7923679865875854,0.014999741795505348,92.62669048035133,0.1357090825746113,0.16470706572210955
643987,2022-12-14,643987_2022-12-14_121146,223,1.0,True,0.17849304336303604,0.7954578255840586,0.01699767863627746,89.20422630939804,0.1357090825746113,0.16470706572210955
643987,2022-12-14,643987_2022-12-14_121146,224,1.0,True,0.17849304336303604,0.7989008759587223,0.01923739988555878,93.93860070083213,0.1357090825746113,0.16470706572210955
643987,2022-12-14,643987_2022-12-14_121146,225,1.0,True,0.17849304336303604,0.8027239376620947,0.022238027635378264,94.80819125752048,0.1357090825746113,0.16470706572210955
643987,2022-12-14,643987_2022-12-14_121146,226,1.0,False,0.17849304336303604,0.8070504770392997,0.022882717184818664,96.5214991090528,0.1357090825746113,0.16470706572210955
643987,2022-12-14,643987_2022-12-14_121146,227,1.0,True,0.17849304336303604,0.7885136178908881,0.01943536906743466,95.49648471425233,0.1357090825746113,0.16470706572210955
643987,2022-12-14,643987_2022-12-14_121146,228,1.0,True,0.17849304336303604,0.7925956037996504,0.018879937101674567,94.88742476973935,0.1357090825746113,0.16470706572210955
643987,2022-12-14,643987_2022-12-14_121146,229,1.0,True,0.17849304336303604,0.7964795057842485,0.018092136515572694,94.65037139233408,0.1357090825746113,0.16470706572210955
643987,2022-12-14,643987_2022-12-14_121146,230,1.0,True,0.17849304336303604,0.8001274981038657,0.019167421227824194,94.9625097585138,0.1357090825746113,0.16470706572210955
643987,2022-12-14,643987_2022-12-14_121146,231,1.0,False,0.17849304336303604,0.8039174851489831,0.01577616267346148,95.5420635116404,0.1357090825746113,0.16470706572210955
643987,2022-12-14,643987_2022-12-14_121146,232,1.0,True,0.17849304336303604,0.7911975988546133,0.013238055663360521,96.0861715792157,0.1357090825746113,0.16470706572210955
643987,2022-12-14,643987_2022-12-14_121146,233,1.0,False,0.17849304336303604,0.7939423645867943,0.014821228642840916,95.35660842152285,0.1357090825746113,0.16470706572210955
643987,2022-12-14,643987_2022-12-14_121146,234,1.0,False,0.17849304336303604,0.782151543329799,0.013674028938293881,93.25384745245347,0.1357090825746113,0.16470706572210955
643987,2022-12-14,643987_2022-12-14_121146,235,1.0,False,0.17849304336303604,0.7714428726668788,0.014768549765053374,93.62357338863347,0.1357090825746113,0.16470706572210955
643987,2022-12-14,643987_2022-12-14_121146,236,1.0,True,0.17849304336303604,0.7600421738769684,0.014568214227658093,93.67546578631057,0.1357090825746113,0.16470706572210955
643987,2022-12-14,643987_2022-12-14_121146,237,1.0,False,0.17849304336303604,0.7635409828094063,0.012944304596582516,94.05208268473208,0.1357090825746113,0.16470706572210955
643987,2022-12-14,643987_2022-12-14_121146,238,1.0,True,0.17849304336303604,0.7536564672873929,0.011877881853888916,94.96411172437315,0.1357090825746113,0.16470706572210955
643987,2022-12-14,643987_2022-12-14_121146,239,1.0,True,0.17849304336303604,0.756588084728655,0.011889636492093278,95.28214278237415,0.1357090825746113,0.16470706572210955
643987,2022-12-14,643987_2022-12-14_121146,240,1.0,False,0.17849304336303604,0.7594866722514116,0.01042426746396305,83.47616481250394,0.1357090825746113,0.16470706572210955
643987,2022-12-14,643987_2022-12-14_121146,241,1.0,False,0.17849304336303604,0.7515716033281763,0.012021579326248743,74.81326359335655,0.1357090825746113,0.16470706572210955
643987,2022-12-14,643987_2022-12-14_121146,242,1.0,True,0.17849304336303604,0.7425454353007208,0.012090023305323409,73.22528952864195,0.1357090825746113,0.16470706572210955
643987,2022-12-14,643987_2022-12-14_121146,243,1.0,True,0.17849304336303604,0.7456756443200311,0.012371716444172681,66.74982650971985,0.1357090825746113,0.16470706572210955
643987,2022-12-14,643987_2022-12-14_121146,244,1.0,False,0.17849304336303604,0.7488377102123531,0.009966755381620488,59.4435223109396,0.1357090825746113,0.16470706572210955
643987,2022-12-14,643987_2022-12-14_121146,245,1.0,False,0.17849304336303604,0.7413830447093133,0.01262078599999736,59.173380125378124,0.1357090825746113,0.16470706572210955
643987,2022-12-14,643987_2022-12-14_121146,246,1.0,True,0.17849304336303604,0.7320459918206378,0.012921241823085959,60.642298199720585,0.1357090825746113,0.16470706572210955
643987,2022-12-14,643987_2022-12-14_121146,247,1.0,False,0.17849304336303604,0.7355388211827931,0.01233726774184727,59.364146118042484,0.1357090825746113,0.16470706572210955
643987,2022-12-14,643987_2022-12-14_121146,248,1.0,True,0.17849304336303604,0.7264869108899964,0.01154427230812062,66.61019575412958,0.1357090825746113,0.16470706572210955
643987,2022-12-14,643987_2022-12-14_121146,249,1.0,True,0.17849304336303604,0.7296716708054048,0.014849593398041042,83.10960566665658,0.1357090825746113,0.16470706572210955
643987,2022-12-14,643987_2022-12-14_121146,250,1.0,False,0.17849304336303604,0.7337199866844489,0.013261201390653388,69.9664198072104,0.1357090825746113,0.16470706572210955
643987,2022-12-14,643987_2022-12-14_121146,251,1.0,True,0.17849304336303604,0.7240134655921902,0.01497894547102934,57.399949349606096,0.1357090825746113,0.16470706572210955
643987,2022-12-14,643987_2022-12-14_121146,252,1.0,False,0.17849304336303604,0.7281864557483796,0.015970530820645788,70.53858715165843,0.1357090825746113,0.16470706572210955
643987,2022-12-14,643987_2022-12-14_121146,253,1.0,True,0.17849304336303604,0.7165946455155687,0.020609110388535655,90.92392775468882,0.1357090825746113,0.16470706572210955
643987,2022-12-14,643987_2022-12-14_121146,254,1.0,False,0.17849304336303604,0.7225038924367932,0.024303076174894984,83.95550194477006,0.1357090825746113,0.16470706572210955
643987,2022-12-14,643987_2022-12-14_121146,255,1.0,False,0.17849304336303604,0.7050188237930771,0.018961782147191297,96.24733587228611,0.1357090825746113,0.16470706572210955
643987,2022-12-14,643987_2022-12-14_121146,256,1.0,True,0.17849304336303604,0.691731945296531,0.021346605048114264,87.42110088916907,0.1357090825746113,0.16470706572210955
643987,2022-12-14,643987_2022-12-14_121146,257,1.0,False,0.17849304336303604,0.6984369954317543,0.02115011559233694,87.63424043913568,0.1357090825746113,0.16470706572210955
643987,2022-12-14,643987_2022-12-14_121146,258,1.0,False,0.17849304336303604,0.6837739107850306,0.023431072297197864,90.53801778663872,0.1357090825746113,0.16470706572210955
643987,2022-12-14,643987_2022-12-14_121146,259,1.0,False,0.17849304336303604,0.6679088252433979,0.025368286769090847,94.10500579467463,0.1357090825746113,0.16470706572210955
643987,2022-12-14,643987_2022-12-14_121146,260,1.0,True,0.17849304336303604,0.6511679886753752,0.021098165972016154,94.41188352486925,0.1357090825746113,0.16470706572210955
643987,2022-12-14,643987_2022-12-14_121146,261,1.0,True,0.17849304336303604,0.6587268303740613,0.0184984807609305,93.32566072797977,0.1357090825746113,0.16470706572210955
643987,2022-12-14,643987_2022-12-14_121146,262,1.0,False,0.17849304336303604,0.6651917700043535,0.02167519758000903,93.24115752174615,0.1357090825746113,0.16470706572210955
643987,2022-12-14,643987_2022-12-14_121146,263,1.0,True,0.17849304336303604,0.6509455334604228,0.022908786489242577,92.78320158420492,0.1357090825746113,0.16470706572210955
643987,2022-12-14,643987_2022-12-14_121146,264,1.0,True,0.17849304336303604,0.6591582723299207,0.02723513110811825,92.22509028189408,0.1357090825746113,0.16470706572210955
643987,2022-12-14,643987_2022-12-14_121146,265,1.0,True,0.17849304336303604,0.6686828475692836,0.02166228490306839,92.82014446048147,0.1357090825746113,0.16470706572210955
643987,2022-12-14,643987_2022-12-14_121146,266,1.0,False,0.17849304336303604,0.6760237971360618,0.020956769127896242,73.17948350995356,0.1357090825746113,0.16470706572210955
643987,2022-12-14,643987_2022-12-14_121146,267,1.0,True,0.17849304336303604,0.661998149367974,0.021675803570304426,74.63691438675538,0.1357090825746113,0.16470706572210955
643987,2022-12-14,643987_2022-12-14_121146,268,1.0,False,0.17849304336303604,0.6694983177683047,0.026259339505106474,89.82009165707296,0.1357090825746113,0.16470706572210955
643987,2022-12-14,643987_2022-12-14_121146,269,1.0,True,0.17849304336303604,0.6521112807344579,0.02880907206637079,92.60927364760265,0.1357090825746113,0.16470706572210955
643987,2022-12-14,643987_2022-12-14_121146,270,1.0,True,0.17849304336303604,0.6623856459942069,0.02554835047329277,92.86699494071262,0.1357090825746113,0.16470706572210955
643987,2022-12-14,643987_2022-12-14_121146,271,1.0,False,0.17849304336303604,0.6711895468975159,0.023212582080775833,90.53528671007848,0.1357090825746113,0.16470706572210955
643987,2022-12-14,643987_2022-12-14_121146,272,1.0,False,0.17849304336303604,0.6557471807039719,0.028613643671992747,84.6743971077384,0.1357090825746113,0.16470706572210955
643987,2022-12-14,643987_2022-12-14_121146,273,1.0,False,0.17849304336303604,0.6372052170734693,0.02372450230953818,92.62299332480353,0.1357090825746113,0.16470706572210955
643987,2022-12-14,643987_2022-12-14_121146,274,1.0,False,0.17849304336303604,0.6222893946580151,0.01729183057679522,91.89325879176357,0.1357090825746113,0.16470706572210955
643987,2022-12-14,643987_2022-12-14_121146,275,1.0,True,0.17849304336303604,0.6116575811362072,0.016643248162412506,91.94195708417986,0.1357090825746113,0.16470706572210955
643987,2022-12-14,643987_2022-12-14_121146,276,1.0,True,0.17849304336303604,0.6182409058521929,0.019797566951749827,92.17057706565463,0.1357090825746113,0.16470706572210955
643987,2022-12-14,643987_2022-12-14_121146,277,1.0,True,0.17849304336303604,0.625949535089802,0.02228951364488672,92.55514379039604,0.1357090825746113,0.16470706572210955
643987,2022-12-14,643987_2022-12-14_121146,278,1.0,False,0.17849304336303604,0.634451287138145,0.023028381788411156,91.74765506300581,0.1357090825746113,0.16470706572210955
643987,2022-12-14,643987_2022-12-14_121146,279,1.0,True,0.17849304336303604,0.6200088055729642,0.02520047410175199,91.30783059069596,0.1357090825746113,0.16470706572210955
643987,2022-12-14,643987_2022-12-14_121146,280,1.0,False,0.17849304336303604,0.6298250841555755,0.03178251538427543,91.68161375082761,0.1357090825746113,0.16470706572210955
643987,2022-12-14,643987_2022-12-14_121146,281,1.0,False,0.17849304336303604,0.6101154152992193,0.03212029446265914,91.67580378393762,0.1357090825746113,0.16470706572210955
643987,2022-12-14,643987_2022-12-14_121146,282,1.0,False,0.17849304336303604,0.5908834745173619,0.027281717831539584,91.96528093779447,0.1357090825746113,0.16470706572210955
643987,2022-12-14,643987_2022-12-14_121146,283,1.0,True,0.17849304336303604,0.5751076754218178,0.025863743885479303,91.40572122447466,0.1357090825746113,0.16470706572210955
643987,2022-12-14,643987_2022-12-14_121146,284,1.0,True,0.17849304336303604,0.586455771360315,0.027461965002959852,91.05895491142144,0.1357090825746113,0.16470706572210955
643987,2022-12-14,643987_2022-12-14_121146,285,1.0,False,0.17849304336303604,0.5981696967894661,0.030424086189839595,91.31359606514447,0.1357090825746113,0.16470706572210955
643987,2022-12-14,643987_2022-12-14_121146,286,1.0,True,0.17849304336303604,0.5803510357276154,0.02940904276240495,90.94326235918062,0.1357090825746113,0.16470706572210955
643987,2022-12-14,643987_2022-12-14_121146,287,1.0,True,0.17849304336303604,0.5931128803821916,0.029452476985686104,90.45888310591562,0.1357090825746113,0.16470706572210955
643987,2022-12-14,643987_2022-12-14_121146,288,1.0,False,0.17849304336303604,0.6054708326064958,0.03325178867575745,90.3066394473594,0.1357090825746113,0.16470706572210955
643987,2022-12-14,643987_2022-12-14_121146,289,1.0,False,0.17849304336303604,0.5857256975405766,0.03514336525532834,90.3450226523977,0.1357090825746113,0.16470706572210955
643987,2022-12-14,643987_2022-12-14_121146,290,1.0,True,0.17849304336303604,0.5656278531563599,0.03397507921594435,90.73278909363536,0.1357090825746113,0.16470706572210955
643987,2022-12-14,643987_2022-12-14_121146,291,1.0,False,0.17849304336303604,0.5809127591478999,0.037136681477420844,90.42632864627409,0.1357090825746113,0.16470706572210955
643987,2022-12-14,643987_2022-12-14_121146,292,1.0,False,0.17849304336303604,0.5598470691025493,0.036225136665104525,90.32814885954853,0.1357090825746113,0.16470706572210955
643987,2022-12-14,643987_2022-12-14_121146,293,1.0,False,0.17849304336303604,0.5401340162437981,0.032809630936915316,90.0918029846958,0.1357090825746113,0.16470706572210955
643987,2022-12-14,643987_2022-12-14_121146,294,1.0,False,0.17849304336303604,0.5229725038643316,0.025955310510128213,90.20238977483854,0.1357090825746113,0.16470706572210955
643987,2022-12-14,643987_2022-12-14_121146,295,1.0,False,0.17849304336303604,0.5098460152881423,0.02717536493910795,90.42305574927863,0.1357090825746113,0.16470706572210955
643987,2022-12-14,643987_2022-12-14_121146,296,1.0,True,0.17849304336303604,0.4964907378094337,0.023044913369182525,86.62695878752483,0.1357090825746113,0.16470706572210955
643987,2022-12-14,643987_2022-12-14_121146,297,1.0,False,0.17849304336303604,0.5085174738324841,0.019573806163406208,71.58960003619887,0.1357090825746113,0.16470706572210955
643987,2022-12-14,643987_2022-12-14_121146,298,1.0,False,0.17849304336303604,0.49888640160325304,0.021942052402479588,76.98802971909936,0.1357090825746113,0.16470706572210955
643987,2022-12-14,643987_2022-12-14_121146,299,1.0,False,0.17849304336303604,0.488343676982754,0.018826164665989544,90.58718325404033,0.1357090825746113,0.16470706572210955
643987,2022-12-14,643987_2022-12-14_121146,301,1.0,False,0.17849304336303604,0.47948557852006435,0.01781771952924178,81.31098166702162,0.1357090825746113,0.16470706572210955
643987,2022-12-14,643987_2022-12-14_121146,303,1.0,False,0.17849304336303604,0.4712454742603388,0.018749094998466765,87.04365939560587,0.1357090825746113,0.16470706572210955
643987,2022-12-14,643987_2022-12-14_121146,304,1.0,False,0.17849304336303604,0.46276638667007397,0.024021271907171016,73.43761810274803,0.1357090825746113,0.16470706572210955
643987,2022-12-14,643987_2022-12-14_121146,305,1.0,False,0.17849304336303604,0.45211804532680155,0.02389985084865292,70.71921207937564,0.1357090825746113,0.16470706572210955
643987,2022-12-14,643987_2022-12-14_121146,306,1.0,False,0.17849304336303604,0.44182273645430364,0.029217988188926944,68.50960101111494,0.1357090825746113,0.16470706572210955
643987,2022-12-14,643987_2022-12-14_121146,307,1.0,False,0.17849304336303604,0.4295903378181126,0.021836754681397737,92.01984513142705,0.1357090825746113,0.16470706572210955
643987,2022-12-14,643987_2022-12-14_121146,309,1.0,False,0.17849304336303604,0.42069255915721243,0.02391531553413698,91.74157005945709,0.1357090825746113,0.16470706572210955
643987,2022-12-14,643987_2022-12-14_121146,310,1.0,False,0.17849304336303604,0.4111990007322911,0.03173370394562447,92.45648715976243,0.1357090825746113,0.16470706572210955
643987,2022-12-14,643987_2022-12-14_121146,311,1.0,False,0.17849304336303604,0.3989487782676918,0.026201431214253442,91.73787389385615,0.1357090825746113,0.16470706572210955
643987,2022-12-14,643987_2022-12-14_121146,312,1.0,False,0.17849304336303604,0.3891134136629106,0.03131681672438792,91.86905558477342,0.1357090825746113,0.16470706572210955
643987,2022-12-14,643987_2022-12-14_121146,313,1.0,False,0.17849304336303604,0.37770470100150116,0.029673024230236177,91.23096343099857,0.1357090825746113,0.16470706572210955
643987,2022-12-14,643987_2022-12-14_121146,314,1.0,False,0.17849304336303604,0.3672392346768227,0.029770213188503352,90.8620867879459,0.1357090825746113,0.16470706572210955
643987,2022-12-14,643987_2022-12-14_121146,315,1.0,False,0.17849304336303604,0.3569987457075043,0.03389699063912827,90.39499977093408,0.1357090825746113,0.16470706572210955
643987,2022-12-14,643987_2022-12-14_121146,316,1.0,False,0.17849304336303604,0.34574327287580064,0.028636461713783697,90.71001937656462,0.1357090825746113,0.16470706572210955
643987,2022-12-14,643987_2022-12-14_121146,317,1.0,False,0.17849304336303604,0.33649976317623803,0.024309112413275453,90.90969509032446,0.1357090825746113,0.16470706572210955
643987,2022-12-14,643987_2022-12-14_121146,320,1.0,False,0.17849304336303604,0.32885265650519063,0.017546833144372245,56.53585418192889,0.1357090825746113,0.16470706572210955
643987,2022-12-14,643987_2022-12-14_121146,321,1.0,False,0.17849304336303604,0.32339125106650357,0.015561912216530131,56.715687749644836,0.1357090825746113,0.16470706572210955
643987,2022-12-14,643987_2022-12-14_121146,322,1.0,False,0.17849304336303604,0.31860591970755875,0.017049373852203783,78.86931101309266,0.1357090825746113,0.16470706572210955
643987,2022-12-14,643987_2022-12-14_121146,323,1.0,False,0.17849304336303604,0.3134694234628299,0.01624666222091161,90.62627320084324,0.1357090825746113,0.16470706572210955
643987,2022-12-14,643987_2022-12-14_121146,325,1.0,False,0.17849304336303604,0.30868415720238046,0.01667117162282615,90.42479623096426,0.1357090825746113,0.16470706572210955
643987,2022-12-14,643987_2022-12-14_121146,326,1.0,False,0.17849304336303604,0.3038514863447432,0.01798751578692668,90.48317127722642,0.1357090825746113,0.16470706572210955
643987,2022-12-14,643987_2022-12-14_121146,327,1.0,False,0.17849304336303604,0.2986682979132875,0.016681835105396427,90.84424665177565,0.1357090825746113,0.16470706572210955
643987,2022-12-14,643987_2022-12-14_121146,328,1.0,False,0.17849304336303604,0.2938398766751689,0.01594214458964604,89.19202416282737,0.1357090825746113,0.16470706572210955
643987,2022-12-14,643987_2022-12-14_121146,329,1.0,False,0.17849304336303604,0.28925296534968226,0.014913274610736,90.16747934328761,0.1357090825746113,0.16470706572210955
643987,2022-12-14,643987_2022-12-14_121146,330,1.0,False,0.17849304336303604,0.28495582274481424,0.015157827694749092,84.94065489765191,0.1357090825746113,0.16470706572210955
643987,2022-12-14,643987_2022-12-14_121146,331,1.0,False,0.17849304336303604,0.28064716447631033,0.015210364819894405,78.19043670720181,0.1357090825746113,0.16470706572210955
643987,2022-12-14,643987_2022-12-14_121146,332,1.0,False,0.17849304336303604,0.27643824242937404,0.012751595705245346,62.69863042007257,0.1357090825746113,0.16470706572210955
643987,2022-12-14,643987_2022-12-14_121146,333,1.0,False,0.17849304336303604,0.2729417431997325,0.012405319494613293,54.92352376636464,0.1357090825746113,0.16470706572210955
643987,2022-12-14,643987_2022-12-14_121146,335,1.0,False,0.17849304336303604,0.2695672693471376,0.012055455568213656,43.57670670812586,0.1357090825746113,0.16470706572210955
643987,2022-12-14,643987_2022-12-14_121146,336,1.0,False,0.17849304336303604,0.2662168818266549,0.01120804091983201,46.25856409828188,0.1357090825746113,0.16470706572210955
643987,2022-12-14,643987_2022-12-14_121146,338,1.0,False,0.17849304336303604,0.2631068025182231,0.013695531959520868,47.389176609137884,0.1357090825746113,0.16470706572210955
643987,2022-12-14,643987_2022-12-14_121146,339,1.0,False,0.17849304336303604,0.2594860026513776,0.010292172305195062,44.618858140002104,0.1357090825746113,0.16470706572210955
643987,2022-12-14,643987_2022-12-14_121146,344,1.0,False,0.17849304336303604,0.2566911780942397,0.01031901244738803,39.80399321497648,0.1357090825746113,0.16470706572210955
643987,2022-12-14,643987_2022-12-14_121146,345,1.0,False,0.17849304336303604,0.2538985631009265,0.010481540877431625,35.37223092903107,0.1357090825746113,0.16470706572210955
643987,2022-12-14,643987_2022-12-14_121146,348,0.0,False,0.17849304336303604,0.2511013444636931,0.011724929306294296,33.964929875721396,0.1357090825746113,0.16470706572210955
643987,2022-12-14,643987_2022-12-14_121146,349,1.0,False,0.17636353126252421,0.2511013444636931,0.00977497181395399,32.227013789266444,0.1357090825746113,0.16470706572210955
643987,2022-12-14,643987_2022-12-14_121146,350,1.0,False,0.17636353126252421,0.2483812889728409,0.01112020783710265,35.360741136443096,0.1357090825746113,0.16470706572210955
643987,2022-12-14,643987_2022-12-14_121146,353,1.0,False,0.17636353126252421,0.24534875573383383,0.012713654973608683,33.918724334560736,0.1357090825746113,0.16470706572210955
643987,2022-12-14,643987_2022-12-14_121146,354,1.0,False,0.17636353126252421,0.24203412163876056,0.015859756397783555,42.591626678960516,0.1357090825746113,0.16470706572210955
643987,2022-12-14,643987_2022-12-14_121146,355,1.0,False,0.17636353126252421,0.2381335643904494,0.017371408250062552,46.21188559564474,0.1357090825746113,0.16470706572210955
643987,2022-12-14,643987_2022-12-14_121146,356,1.0,False,0.17636353126252421,0.23398360134118817,0.01799819474836615,48.38879044913408,0.1357090825746113,0.16470706572210955
643987,2022-12-14,643987_2022-12-14_121146,357,1.0,False,0.17636353126252421,0.2297963761061514,0.01609268908560539,46.54867262286753,0.1357090825746113,0.16470706572210955
643987,2022-12-14,643987_2022-12-14_121146,358,1.0,False,0.17636353126252421,0.226038931925512,0.01591654121099637,40.38517693948566,0.1357090825746113,0.16470706572210955
643987,2022-12-14,643987_2022-12-14_121146,359,1.0,True,0.17636353126252421,0.22234678403931507,0.019123795005071283,37.167360837106884,0.1357090825746113,0.16470706572210955
643987,2022-12-14,643987_2022-12-14_121146,360,1.0,True,0.17636353126252421,0.23719186796508848,0.027440015745745425,46.16295817860134,0.1357090825746113,0.16470706572210955
643987,2022-12-14,643987_2022-12-14_121146,361,1.0,True,0.17636353126252421,0.25824233926711476,0.024822855427513852,49.82617601536394,0.1357090825746113,0.16470706572210955
643987,2022-12-14,643987_2022-12-14_121146,362,1.0,True,0.17636353126252421,0.27665767675395825,0.022944355459955802,53.96964352895223,0.1357090825746113,0.16470706572210955
643987,2022-12-14,643987_2022-12-14_121146,363,1.0,True,0.17636353126252421,0.2931517998745397,0.027508899918438412,52.3389629331261,0.1357090825746113,0.16470706572210955
643987,2022-12-14,643987_2022-12-14_121146,364,1.0,True,0.17636353126252421,0.3125220414779504,0.02697152553454372,38.067078938179954,0.1357090825746113,0.16470706572210955
643987,2022-12-14,643987_2022-12-14_121146,365,1.0,False,0.17636353126252421,0.33099620020720427,0.028070828699489007,45.666154696817536,0.1357090825746113,0.16470706572210955
643987,2022-12-14,643987_2022-12-14_121146,366,1.0,True,0.17636353126252421,0.32167356742216063,0.024125491061762303,53.53556612117402,0.1357090825746113,0.16470706572210955
643987,2022-12-14,643987_2022-12-14_121146,367,1.0,True,0.17636353126252421,0.3379068819076601,0.025368319194298293,51.34101757013211,0.1357090825746113,0.16470706572210955
643987,2022-12-14,643987_2022-12-14_121146,368,1.0,True,0.17636353126252421,0.35466056241135396,0.027942009202763567,43.6030927544691,0.1357090825746113,0.16470706572210955
643987,2022-12-14,643987_2022-12-14_121146,369,1.0,True,0.17636353126252421,0.37271281438076964,0.027619789198656805,43.356022439505686,0.1357090825746113,0.16470706572210955
643987,2022-12-14,643987_2022-12-14_121146,370,1.0,True,0.17636353126252421,0.3901159544824746,0.022741617509815248,44.31777186606917,0.1357090825746113,0.16470706572210955
643987,2022-12-14,643987_2022-12-14_121146,371,1.0,False,0.17636353126252421,0.40402897038030383,0.02514922146146193,47.917862407144696,0.1357090825746113,0.16470706572210955
643987,2022-12-14,643987_2022-12-14_121146,372,1.0,True,0.17636353126252421,0.39400061468365805,0.028417342682744873,56.03445321364764,0.1357090825746113,0.16470706572210955
643987,2022-12-14,643987_2022-12-14_121146,373,1.0,True,0.17636353126252421,0.41141207683958153,0.02662551986917268,65.87068808228904,0.1357090825746113,0.16470706572210955
643987,2022-12-14,643987_2022-12-14_121146,374,1.0,True,0.17636353126252421,0.42725698629627307,0.02611690933497684,84.91867719310878,0.1357090825746113,0.16470706572210955
643987,2022-12-14,643987_2022-12-14_121146,375,1.0,True,0.17636353126252421,0.4423369213485028,0.03622365410722867,84.17444399623709,0.1357090825746113,0.16470706572210955
643987,2022-12-14,643987_2022-12-14_121146,376,1.0,True,0.17636353126252421,0.4627121436704523,0.03862803479875788,83.0813918418571,0.1357090825746113,0.16470706572210955
643987,2022-12-14,643987_2022-12-14_121146,377,1.0,True,0.17636353126252421,0.48365432691731897,0.04047817837108126,66.20262446770273,0.1357090825746113,0.16470706572210955
643987,2022-12-14,643987_2022-12-14_121146,378,1.0,True,0.17636353126252421,0.5047513421635519,0.03881597960654105,64.96100453957781,0.1357090825746113,0.16470706572210955
643987,2022-12-14,643987_2022-12-14_121146,379,1.0,True,0.17636353126252421,0.5240892110839583,0.046271209697442695,57.34679485401181,0.1357090825746113,0.16470706572210955
643987,2022-12-14,643987_2022-12-14_121146,380,1.0,True,0.17636353126252421,0.5462235827999661,0.04391374194165519,65.75017497165261,0.1357090825746113,0.16470706572210955
643987,2022-12-14,643987_2022-12-14_121146,381,1.0,True,0.17636353126252421,0.5661587939518109,0.04749961757123333,72.46615602706868,0.1357090825746113,0.16470706572210955
643987,2022-12-14,643987_2022-12-14_121146,382,1.0,True,0.17636353126252421,0.5866976675903395,0.039350959810066796,90.82193120269099,0.1357090825746113,0.16470706572210955
643987,2022-12-14,643987_2022-12-14_121146,383,1.0,True,0.17636353126252421,0.6027816963870833,0.04826715061709323,92.36550617977865,0.1357090825746113,0.16470706572210955
643987,2022-12-14,643987_2022-12-14_121146,384,1.0,True,0.17636353126252421,0.6218015592586073,0.05165028944399551,92.62038879096177,0.1357090825746113,0.16470706572210955
643987,2022-12-14,643987_2022-12-14_121146,385,1.0,True,0.17636353126252421,0.641271802821467,0.06331294700386904,93.45322746337628,0.1357090825746113,0.16470706572210955
643987,2022-12-14,643987_2022-12-14_121146,386,1.0,False,0.17636353126252421,0.6639842082641446,0.0694635140656522,93.2768046938967,0.1357090825746113,0.16470706572210955
643987,2022-12-14,643987_2022-12-14_121146,387,1.0,True,0.17636353126252421,0.6179287844904138,0.08415553423052967,92.55581060464323,0.1357090825746113,0.16470706572210955
643987,2022-12-14,643987_2022-12-14_121146,388,1.0,False,0.17636353126252421,0.6503270517054915,0.08579694766390837,92.84411271900507,0.1357090825746113,0.16470706572210955
643987,2022-12-14,643987_2022-12-14_121146,389,1.0,True,0.17636353126252421,0.5947041754345744,0.08937957749034288,92.72403243870303,0.1357090825746113,0.16470706572210955
643987,2022-12-14,643987_2022-12-14_121146,390,1.0,True,0.17636353126252421,0.6314498185103833,0.07595212426517298,93.5786508019943,0.1357090825746113,0.16470706572210955
643987,2022-12-14,643987_2022-12-14_121146,391,1.0,True,0.17636353126252421,0.659601815137588,0.07689548156371974,94.54539257115553,0.1357090825746113,0.16470706572210955
643987,2022-12-14,643987_2022-12-14_121146,392,1.0,True,0.17636353126252421,0.6858434641909577,0.07295235692739815,94.53411446814289,0.1357090825746113,0.16470706572210955
643987,2022-12-14,643987_2022-12-14_121146,393,1.0,True,0.17636353126252421,0.708766375297147,0.05764955391093889,93.89292740218735,0.1357090825746113,0.16470706572210955
643987,2022-12-14,643987_2022-12-14_121146,394,1.0,True,0.17636353126252421,0.7254732214260966,0.07296307137157694,92.86541589934443,0.1357090825746113,0.16470706572210955
643987,2022-12-14,643987_2022-12-14_121146,395,1.0,True,0.17636353126252421,0.7453882270669111,0.06977215173391005,91.7238216203827,0.1357090825746113,0.16470706572210955
643987,2022-12-14,643987_2022-12-14_121146,396,1.0,True,0.17636353126252421,0.7629992126084204,0.07958561826032279,92.24338804532508,0.1357090825746113,0.16470706572210955
643987,2022-12-14,643987_2022-12-14_121146,397,1.0,True,0.17636353126252421,0.7816048445420684,0.07111929249225438,91.7558075543587,0.1357090825746113,0.16470706572210955
643987,2022-12-14,643987_2022-12-14_121146,398,1.0,True,0.17636353126252421,0.796880643836774,0.0714268620514713,91.64145001271041,0.1357090825746113,0.16470706572210955
643987,2022-12-14,643987_2022-12-14_121146,399,1.0,True,0.17636353126252421,0.8111151111573276,0.06793810009626913,91.6384847371104,0.1357090825746113,0.16470706572210955
643987,2022-12-14,643987_2022-12-14_121146,400,1.0,True,0.17636353126252421,0.8236446806068372,0.07240249300105599,91.60601839784032,0.1357090825746113,0.16470706572210955
643987,2022-12-14,643987_2022-12-14_121146,401,1.0,False,0.17636353126252421,0.8360422230845785,0.08035961906957276,91.44253607918178,0.1357090825746113,0.16470706572210955
643987,2022-12-14,643987_2022-12-14_121146,402,1.0,True,0.17636353126252421,0.7684360222919355,0.08821913477200345,91.55779796952237,0.1357090825746113,0.16470706572210955
643987,2022-12-14,643987_2022-12-14_121146,403,1.0,True,0.17636353126252421,0.7886688314706843,0.07492010528149524,91.81687388047366,0.1357090825746113,0.16470706572210955
643987,2022-12-14,643987_2022-12-14_121146,404,1.0,True,0.17636353126252421,0.8042793800459229,0.06954124271866219,91.48490661745976,0.1357090825746113,0.16470706572210955
643987,2022-12-14,643987_2022-12-14_121146,405,1.0,True,0.17636353126252421,0.8176704116456689,0.06008205131027801,90.99662250233754,0.1357090825746113,0.16470706572210955
643987,2022-12-14,643987_2022-12-14_121146,406,1.0,True,0.17636353126252421,0.8284221788584397,0.060918080327521655,91.00157875877592,0.1357090825746113,0.16470706572210955
643987,2022-12-14,643987_2022-12-14_121146,407,1.0,False,0.17636353126252421,0.8386504796494276,0.06201937467834596,90.73236401752465,0.1357090825746113,0.16470706572210955
643987,2022-12-14,643987_2022-12-14_121146,408,1.0,True,0.17636353126252421,0.7864055614523405,0.05520598252415101,91.03824785546563,0.1357090825746113,0.16470706572210955
643987,2022-12-14,643987_2022-12-14_121146,409,1.0,False,0.17636353126252421,0.7981162901696696,0.052739482522397345,90.84841588484159,0.1357090825746113,0.16470706572210955
643987,2022-12-14,643987_2022-12-14_121146,410,1.0,True,0.17636353126252421,0.7559251130198306,0.07011480688827477,90.94135154682766,0.1357090825746113,0.16470706572210955
643987,2022-12-14,643987_2022-12-14_121146,411,1.0,True,0.17636353126252421,0.7730013333667977,0.07135932418272364,90.9147060231065,0.1357090825746113,0.16470706572210955
643987,2022-12-14,643987_2022-12-14_121146,412,1.0,True,0.17636353126252421,0.7890880113697363,0.06298530515497021,90.21650451909662,0.1357090825746113,0.16470706572210955
643987,2022-12-14,643987_2022-12-14_121146,413,1.0,True,0.17636353126252421,0.8022517949389667,0.06262829020236059,90.3258302051103,0.1357090825746113,0.16470706572210955
643987,2022-12-14,643987_2022-12-14_121146,414,1.0,True,0.17636353126252421,0.8144894365096462,0.05551192899285575,90.43967191224937,0.1357090825746113,0.16470706572210955
643987,2022-12-14,643987_2022-12-14_121146,415,1.0,True,0.17636353126252421,0.8246393269409786,0.06222616094967201,90.59212408153923,0.1357090825746113,0.16470706572210955
643987,2022-12-14,643987_2022-12-14_121146,416,1.0,True,0.17636353126252421,0.8353597198025188,0.0787101285157404,83.66607616143679,0.1357090825746113,0.16470706572210955
643987,2022-12-14,643987_2022-12-14_121146,417,1.0,True,0.17636353126252421,0.8480381866083913,0.06845465086815299,91.12405132488763,0.1357090825746113,0.16470706572210955
643987,2022-12-14,643987_2022-12-14_121146,418,1.0,True,0.17636353126252421,0.8581612488696931,0.07467825525153458,78.74662142829581,0.1357090825746113,0.16470706572210955
643987,2022-12-14,643987_2022-12-14_121146,419,1.0,True,0.17636353126252421,0.8684211350981136,0.06513758284954076,91.12641821070252,0.1357090825746113,0.16470706572210955
643987,2022-12-14,643987_2022-12-14_121146,421,1.0,True,0.17636353126252421,0.876672439819994,0.06571032244136515,86.21767681241442,0.1357090825746113,0.16470706572210955
643987,2022-12-14,643987_2022-12-14_121146,422,1.0,True,0.17636353126252421,0.884409410913163,0.06165753236386467,79.2942872799931,0.1357090825746113,0.16470706572210955
643987,2022-12-14,643987_2022-12-14_121146,423,1.0,True,0.17636353126252421,0.8911667191346753,0.057416809077306195,86.82721512814163,0.1357090825746113,0.16470706572210955
643987,2022-12-14,643987_2022-12-14_121146,424,1.0,True,0.17636353126252421,0.8970680124799669,0.06449245956944584,70.52222953455131,0.1357090825746113,0.16470706572210955
643987,2022-12-14,643987_2022-12-14_121146,425,1.0,True,0.17636353126252421,0.9032796261885325,0.05860203212936278,72.49428972041662,0.1357090825746113,0.16470706572210955
643987,2022-12-14,643987_2022-12-14_121146,427,1.0,True,0.17636353126252421,0.9085439002677846,0.06467306189271928,59.791132837219486,0.1357090825746113,0.16470706572210955
643987,2022-12-14,643987_2022-12-14_121146,428,1.0,True,0.17636353126252421,0.9139823367976199,0.06522229434015107,49.92921013891724,0.1357090825746113,0.16470706572210955
643987,2022-12-14,643987_2022-12-14_121146,429,1.0,True,0.17636353126252421,0.9191268910489753,0.05479601418209269,47.56806061043658,0.1357090825746113,0.16470706572210955
643987,2022-12-14,643987_2022-12-14_121146,430,1.0,False,0.17636353126252421,0.923208361068794,0.058560007260017234,38.06156150442616,0.1357090825746113,0.16470706572210955
643987,2022-12-14,643987_2022-12-14_121146,431,1.0,False,0.17636353126252421,0.8687747550897744,0.061415978788107055,35.77390391669475,0.1357090825746113,0.16470706572210955
643987,2022-12-14,643987_2022-12-14_121146,432,1.0,False,0.17636353126252421,0.8151775336373297,0.06103470818295432,40.42966438215639,0.1357090825746113,0.16470706572210955
643987,2022-12-14,643987_2022-12-14_121146,433,1.0,False,0.17636353126252421,0.7653164950776389,0.05628702951006062,40.66460210612794,0.1357090825746113,0.16470706572210955
643987,2022-12-14,643987_2022-12-14_121146,434,1.0,False,0.17636353126252421,0.7222410881217817,0.0531437600389642,48.508288084002835,0.1357090825746113,0.16470706572210955
643987,2022-12-14,643987_2022-12-14_121146,436,1.0,True,0.17636353126252421,0.6839065429046797,0.06568758954031775,44.576019225063014,0.1357090825746113,0.16470706572210955
643987,2022-12-14,643987_2022-12-14_121146,437,1.0,False,0.17636353126252421,0.7048326800895378,0.07312705884951316,48.19187693672917,0.1357090825746113,0.16470706572210955
643987,2022-12-14,643987_2022-12-14_121146,438,1.0,False,0.17636353126252421,0.6534117171423576,0.0734473625946826,42.032443446826605,0.1357090825746113,0.16470706572210955
643987,2022-12-14,643987_2022-12-14_121146,439,1.0,False,0.17636353126252421,0.6056884277259891,0.07354497244198824,44.76175258605576,0.1357090825746113,0.16470706572210955
643987,2022-12-14,643987_2022-12-14_121146,441,1.0,False,0.17636353126252421,0.5615724778429064,0.08892980343658217,39.40387211476906,0.1357090825746113,0.16470706572210955
643987,2022-12-14,643987_2022-12-14_121146,444,1.0,False,0.17636353126252421,0.5123362295317668,0.07503925191879679,33.12472503594703,0.1357090825746113,0.16470706572210955
643987,2022-12-14,643987_2022-12-14_121146,445,1.0,False,0.17636353126252421,0.47453648670179494,0.07014170545917323,30.077024292370684,0.1357090825746113,0.16470706572210955
643987,2022-12-14,643987_2022-12-14_121146,446,1.0,False,0.17636353126252421,0.4418842703470585,0.06638988516917312,36.01106813549461,0.1357090825746113,0.16470706572210955
643987,2022-12-14,643987_2022-12-14_121146,447,1.0,False,0.17636353126252421,0.4131704140538468,0.06023246505820877,28.511273379192485,0.1357090825746113,0.16470706572210955
643987,2022-12-14,643987_2022-12-14_121146,450,1.0,False,0.17636353126252421,0.38865040991841876,0.07291576254797832,31.81900851890974,0.1357090825746113,0.16470706572210955
643987,2022-12-14,643987_2022-12-14_121146,454,1.0,False,0.17636353126252421,0.361000354925092,0.0803774806680786,25.479952330606807,0.1357090825746113,0.16470706572210955
643987,2022-12-14,643987_2022-12-14_121146,457,1.0,False,0.17636353126252421,0.33298288960822336,0.0809014741867307,32.40211630508909,0.1357090825746113,0.16470706572210955
643987,2022-12-14,643987_2022-12-14_121146,458,1.0,False,0.17636353126252421,0.30719237075712985,0.09830870663612529,25.94230430665563,0.1357090825746113,0.16470706572210955
643987,2022-12-14,643987_2022-12-14_121146,469,1.0,False,0.17636353126252421,0.2787203720455039,0.08120586755759045,24.8148568045722,0.1357090825746113,0.16470706572210955
643987,2022-12-14,643987_2022-12-14_121146,471,0.0,False,0.17636353126252421,0.2573476509271123,0.08016824505555627,21.226305402763902,0.1357090825746113,0.16470706572210955
643987,2022-12-14,643987_2022-12-14_121146,472,1.0,False,0.162818932716041,0.2573476509271123,0.09981456046711942,24.51007860216035,0.1357090825746113,0.16470706572210955
643987,2022-12-14,643987_2022-12-14_121146,473,1.0,False,0.162818932716041,0.2336053314093828,0.08925398014524172,30.25537208823666,0.1357090825746113,0.16470706572210955
643987,2022-12-14,643987_2022-12-14_121146,474,1.0,False,0.162818932716041,0.2143787045547211,0.09413237399210261,31.415714342457154,0.1357090825746113,0.16470706572210955
643987,2022-12-14,643987_2022-12-14_121146,475,1.0,True,0.162818932716041,0.19597242690812622,0.12398953742404982,38.32222279239825,0.1357090825746113,0.16470706572210955
643987,2022-12-14,643987_2022-12-14_121146,476,1.0,False,0.162818932716041,0.29856505499630637,0.11730737604370757,33.868684663182655,0.1357090825746113,0.16470706572210955
643987,2022-12-14,643987_2022-12-14_121146,477,1.0,False,0.162818932716041,0.26473949186117757,0.09071862464148928,30.393729356380188,0.1357090825746113,0.16470706572210955
643987,2022-12-14,643987_2022-12-14_121146,478,1.0,True,0.162818932716041,0.24176763199923623,0.10297325747018185,26.64950395413941,0.1357090825746113,0.16470706572210955
643987,2022-12-14,643987_2022-12-14_121146,479,1.0,True,0.162818932716041,0.3212520741334085,0.11342904221633082,29.7997798767211,0.1357090825746113,0.16470706572210955
643987,2022-12-14,643987_2022-12-14_121146,480,1.0,True,0.162818932716041,0.39907063082273725,0.12231208528202497,28.217729954755374,0.1357090825746113,0.16470706572210955
643987,2022-12-14,643987_2022-12-14_121146,481,1.0,True,0.162818932716041,0.4727992135540575,0.12306516849408655,29.66986035269425,0.1357090825746113,0.16470706572210955
643987,2022-12-14,643987_2022-12-14_121146,482,1.0,True,0.162818932716041,0.5376364162887795,0.1350753343385119,34.74327724137977,0.1357090825746113,0.16470706572210955
643987,2022-12-14,643987_2022-12-14_121146,483,1.0,True,0.162818932716041,0.5994805773478875,0.14565650248182946,35.58175165915274,0.1357090825746113,0.16470706572210955
643987,2022-12-14,643987_2022-12-14_121146,484,1.0,True,0.162818932716041,0.6564911134116176,0.14669484170924332,39.59728938352143,0.1357090825746113,0.16470706572210955
643987,2022-12-14,643987_2022-12-14_121146,485,1.0,True,0.162818932716041,0.7051858382628053,0.1686587428887157,33.51884795753019,0.1357090825746113,0.16470706572210955
643987,2022-12-14,643987_2022-12-14_121146,486,1.0,True,0.162818932716041,0.752343439781811,0.1527197967514686,26.72971194397571,0.1357090825746113,0.16470706572210955
643987,2022-12-14,643987_2022-12-14_121146,487,1.0,True,0.162818932716041,0.7880230440082714,0.11468545209118658,26.291182984096878,0.1357090825746113,0.16470706572210955
643987,2022-12-14,643987_2022-12-14_121146,488,1.0,True,0.162818932716041,0.8111815902688664,0.10780030632947576,26.921465151224762,0.1357090825746113,0.16470706572210955
643987,2022-12-14,643987_2022-12-14_121146,489,1.0,False,0.162818932716041,0.8303144302166631,0.10144974949764343,24.879979741862847,0.1357090825746113,0.16470706572210955
643987,2022-12-14,643987_2022-12-14_121146,490,1.0,False,0.162818932716041,0.745149498451007,0.12914370862440205,23.8955907310344,0.1357090825746113,0.16470706572210955
643987,2022-12-14,643987_2022-12-14_121146,491,1.0,True,0.162818932716041,0.6477623036155457,0.11771937327726197,17.960003992576297,0.1357090825746113,0.16470706572210955
643987,2022-12-14,643987_2022-12-14_121146,492,1.0,True,0.162818932716041,0.6888880757988679,0.12069581148578641,21.702011349387536,0.1357090825746113,0.16470706572210955
643987,2022-12-14,643987_2022-12-14_121146,493,1.0,True,0.162818932716041,0.7259170481366829,0.14109630464333664,24.05426588637373,0.1357090825746113,0.16470706572210955
643987,2022-12-14,643987_2022-12-14_121146,494,1.0,True,0.162818932716041,0.7635926585065634,0.1506729023532621,22.945702039190742,0.1357090825746113,0.16470706572210955
643987,2022-12-14,643987_2022-12-14_121146,496,1.0,True,0.162818932716041,0.7979013878760175,0.1657581487514024,23.33766347341403,0.1357090825746113,0.16470706572210955
643987,2022-12-14,643987_2022-12-14_121146,499,1.0,True,0.162818932716041,0.8295132256380235,0.2085474410226531,22.153877770498998,0.1357090825746113,0.16470706572210955
643987,2022-12-14,643987_2022-12-14_121146,500,1.0,True,0.162818932716041,0.8620442894145816,0.17816571622764688,19.611914161871344,0.1357090825746113,0.16470706572210955
643987,2022-12-14,643987_2022-12-14_121146,501,1.0,True,0.162818932716041,0.8841202397294728,0.1892313980764616,19.030908644015504,0.1357090825746113,0.16470706572210955
643987,2022-12-14,643987_2022-12-14_121146,502,1.0,True,0.162818932716041,0.9030509406792542,0.23976089065477824,17.957600150185822,0.1357090825746113,0.16470706572210955
643987,2022-12-14,643987_2022-12-14_121146,503,1.0,True,0.162818932716041,0.9219271620909115,0.2525940775822664,16.91713816798616,0.1357090825746113,0.16470706572210955
643987,2022-12-14,643987_2022-12-14_121146,504,1.0,True,0.162818932716041,0.9368839106307953,0.2857336530111424,16.613717925778356,0.1357090825746113,0.16470706572210955
643987,2022-12-14,643987_2022-12-14_121146,505,1.0,True,0.162818932716041,0.9492327932512488,0.29010297705506766,16.309766729903547,0.1357090825746113,0.16470706572210955
643987,2022-12-14,643987_2022-12-14_121146,506,1.0,True,0.162818932716041,0.9581992064451298,0.3634324857976154,17.494621349458747,0.1357090825746113,0.16470706572210955
643987,2022-12-14,643987_2022-12-14_121146,507,1.0,False,0.162818932716041,0.9659878625479749,0.3831487291813446,14.505020074646946,0.1357090825746113,0.16470706572210955
643987,2022-12-14,643987_2022-12-14_121146,508,1.0,True,0.162818932716041,0.5881971692300261,0.3831850142254773,12.084549221165206,0.1357090825746113,0.16470706572210955
643987,2022-12-14,643987_2022-12-14_121146,509,1.0,False,0.162818932716041,0.7602269901209656,0.4000162192629803,10.489168319432801,0.1357090825746113,0.16470706572210955
643987,2022-12-14,643987_2022-12-14_121146,510,1.0,True,0.162818932716041,0.4579338014838381,0.37117214531979015,10.36681760457818,0.1357090825746113,0.16470706572210955
643987,2022-12-14,643987_2022-12-14_121146,511,1.0,True,0.162818932716041,0.6788147400131216,0.3363331367842333,10.121910240213408,0.1357090825746113,0.16470706572210955
643987,2022-12-14,643987_2022-12-14_121146,512,1.0,True,0.162818932716041,0.7917206251398676,0.40052811278928335,9.540936364797314,0.1357090825746113,0.16470706572210955
643987,2022-12-14,643987_2022-12-14_121146,513,1.0,True,0.162818932716041,0.8745558422089443,0.4718626566777131,8.383695794063637,0.1357090825746113,0.16470706572210955
643987,2022-12-14,643987_2022-12-14_121146,514,1.0,True,0.162818932716041,0.9251475483456363,0.40894858442475357,8.300515514153224,0.1357090825746113,0.16470706572210955
643987,2022-12-14,643987_2022-12-14_121146,515,1.0,True,0.162818932716041,0.9457011129245023,0.3933044085426931,8.08679189446238,0.1357090825746113,0.16470706572210955
643987,2022-12-14,643987_2022-12-14_121146,516,1.0,True,0.162818932716041,0.9585680210090368,0.4423612278725023,7.923972776069301,0.1357090825746113,0.16470706572210955
643987,2022-12-14,643987_2022-12-14_121146,517,1.0,True,0.162818932716041,0.9679893632477146,0.4641939909397494,6.579246362048218,0.1357090825746113,0.16470706572210955
643987,2022-12-14,643987_2022-12-14_121146,519,1.0,True,0.162818932716041,0.9743872031640707,0.5094270509879775,6.4687688959342715,0.1357090825746113,0.16470706572210955
643987,2022-12-14,643987_2022-12-14_121146,520,1.0,True,0.162818932716041,0.9790009552216564,0.46038862095386,6.433798188885125,0.1357090825746113,0.16470706572210955
643987,2022-12-14,643987_2022-12-14_121146,521,1.0,True,0.162818932716041,0.982576952575692,0.4878927646110061,6.083898337945444,0.1357090825746113,0.16470706572210955
643987,2022-12-14,643987_2022-12-14_121146,522,1.0,True,0.162818932716041,0.9856390135867774,0.4322672492720295,6.233583748765345,0.1357090825746113,0.16470706572210955
643987,2022-12-14,643987_2022-12-14_121146,523,1.0,True,0.162818932716041,0.9879570504888963,0.36446218416589743,7.406644721210067,0.1357090825746113,0.16470706572210955
643987,2022-12-14,643987_2022-12-14_121146,524,1.0,True,0.162818932716041,0.989853115022289,0.37300895925692273,6.730574933774193,0.1357090825746113,0.16470706572210955
643987,2022-12-14,643987_2022-12-14_121146,525,1.0,True,0.162818932716041,0.9915350116143276,0.3540995022350902,6.824300514001494,0.1357090825746113,0.16470706572210955
643987,2022-12-14,643987_2022-12-14_121146,526,1.0,True,0.162818932716041,0.9928632371671653,0.3543893176347284,5.925578343088287,0.1357090825746113,0.16470706572210955
643987,2022-12-14,643987_2022-12-14_121146,527,1.0,True,0.162818932716041,0.9940489975023118,0.3188261211398705,6.195673966777875,0.1357090825746113,0.16470706572210955
643987,2022-12-14,643987_2022-12-14_121146,528,1.0,False,0.162818932716041,0.9949443630447576,0.2939378618944801,5.937150135658138,0.1357090825746113,0.16470706572210955
643987,2022-12-14,643987_2022-12-14_121146,530,1.0,False,0.162818932716041,0.7017445392264966,0.32116940226144425,5.4722772958363715,0.1357090825746113,0.16470706572210955
643987,2022-12-14,643987_2022-12-14_121146,552,0.0,True,0.162818932716041,0.48137108187427113,0.29307912230688815,5.003913068369298,0.1357090825746113,0.16470706572210955
643987,2022-12-14,643987_2022-12-14_121146,553,0.0,True,0.40999971721651046,0.48137108187427113,0.3035845744674613,4.63187446095151,0.1357090825746113,0.16470706572210955
643987,2022-12-14,643987_2022-12-14_121146,554,1.0,False,0.5845360667553536,0.48137108187427113,0.3067123635397639,4.7166411137481665,0.1357090825746113,0.16470706572210955
643987,2022-12-14,643987_2022-12-14_121146,555,0.0,True,0.5845360667553536,0.342274630849033,0.31069401073022646,4.6049421031118145,0.1357090825746113,0.16470706572210955
643987,2022-12-14,643987_2022-12-14_121146,556,0.0,False,0.704136555623599,0.342274630849033,0.3096408266419438,4.7978310126209,0.1357090825746113,0.16470706572210955
643987,2022-12-14,643987_2022-12-14_121146,557,1.0,False,0.4727438635701309,0.342274630849033,0.2846368761868747,4.710598786261208,0.1357090825746113,0.16470706572210955
643987,2022-12-14,643987_2022-12-14_121146,559,0.0,True,0.4727438635701309,0.2554496559813473,0.28605920411714947,4.851393018646267,0.1357090825746113,0.16470706572210955
643987,2022-12-14,643987_2022-12-14_121146,560,0.0,True,0.6277753854698841,0.2554496559813473,0.2924562995162587,4.765410644081085,0.1357090825746113,0.16470706572210955
643987,2022-12-14,643987_2022-12-14_121146,561,0.0,True,0.7320532754936939,0.2554496559813473,0.31150438917021295,4.627390976727431,0.1357090825746113,0.16470706572210955
643987,2022-12-14,643987_2022-12-14_121146,562,1.0,False,0.807285279334316,0.2554496559813473,0.3259724716637688,4.734100958208627,0.1357090825746113,0.16470706572210955
643987,2022-12-14,643987_2022-12-14_121146,563,0.0,True,0.807285279334316,0.18472102651413677,0.3150971852205112,4.857919781987726,0.1357090825746113,0.16470706572210955
643987,2022-12-14,643987_2022-12-14_121146,564,0.0,True,0.8576714827635812,0.18472102651413677,0.3477829649749857,4.935940612112268,0.1357090825746113,0.16470706572210955
643987,2022-12-14,643987_2022-12-14_121146,565,0.0,True,0.8944499157866238,0.18472102651413677,0.3569904001606343,5.045960857150888,0.1357090825746113,0.16470706572210955
643987,2022-12-14,643987_2022-12-14_121146,566,0.0,True,0.9190129584041078,0.18472102651413677,0.36587074442358125,5.6485540627093265,0.1357090825746113,0.16470706572210955
643987,2022-12-14,643987_2022-12-14_121146,567,0.0,True,0.9349781413843454,0.18472102651413677,0.3778866173407485,5.275697364758367,0.1357090825746113,0.16470706572210955
643987,2022-12-14,643987_2022-12-14_121146,568,0.0,True,0.9460514847043071,0.18472102651413677,0.3574525243073301,5.491244811386639,0.1357090825746113,0.16470706572210955
643987,2022-12-14,643987_2022-12-14_121146,569,0.0,True,0.9539695400688112,0.18472102651413677,0.37521680809608216,5.059266902237954,0.1357090825746113,0.16470706572210955
643987,2022-12-14,643987_2022-12-14_121146,570,0.0,True,0.9602571964816738,0.18472102651413677,0.3765207442225788,5.242595278561521,0.1357090825746113,0.16470706572210955
643987,2022-12-14,643987_2022-12-14_121146,571,0.0,True,0.965173504707859,0.18472102651413677,0.37625826627266695,5.080436308406432,0.1357090825746113,0.16470706572210955
643987,2022-12-14,643987_2022-12-14_121146,572,0.0,False,0.9694114525108813,0.18472102651413677,0.36844692985252375,5.098836637498004,0.1357090825746113,0.16470706572210955
643987,2022-12-14,643987_2022-12-14_121146,573,0.0,True,0.6043925424364589,0.18472102651413677,0.3264755676146519,4.964895186286767,0.1357090825746113,0.16470706572210955
643987,2022-12-14,643987_2022-12-14_121146,574,0.0,True,0.7718729117275911,0.18472102651413677,0.3436313067788157,5.0139090366650905,0.1357090825746113,0.16470706572210955
643987,2022-12-14,643987_2022-12-14_121146,575,0.0,True,0.8586459778773705,0.18472102651413677,0.33131638438373284,5.299599317462834,0.1357090825746113,0.16470706572210955
643987,2022-12-14,643987_2022-12-14_121146,576,0.0,True,0.900328656914473,0.18472102651413677,0.31624669442947523,5.229480840464333,0.1357090825746113,0.16470706572210955
643987,2022-12-14,643987_2022-12-14_121146,577,0.0,True,0.9227539739865782,0.18472102651413677,0.31607121936594046,5.228155672095209,0.1357090825746113,0.16470706572210955
643987,2022-12-14,643987_2022-12-14_121146,578,0.0,False,0.9369055599964426,0.18472102651413677,0.2882245078806987,5.31519141247184,0.1357090825746113,0.16470706572210955
643987,2022-12-14,643987_2022-12-14_121146,579,0.0,True,0.6578933086617476,0.18472102651413677,0.29926893707666263,5.3495751909816684,0.1357090825746113,0.16470706572210955
643987,2022-12-14,643987_2022-12-14_121146,580,0.0,True,0.8014587717181192,0.18472102651413677,0.2809313789593332,5.431665697315309,0.1357090825746113,0.16470706572210955
643987,2022-12-14,643987_2022-12-14_121146,581,0.0,False,0.8576944650622069,0.18472102651413677,0.27091657939796615,4.9843292352636706,0.1357090825746113,0.16470706572210955
643987,2022-12-14,643987_2022-12-14_121146,582,0.0,True,0.6168176876930057,0.18472102651413677,0.25233810033625675,5.070437342191747,0.1357090825746113,0.16470706572210955
643987,2022-12-14,643987_2022-12-14_121146,583,0.0,True,0.7461481252475238,0.18472102651413677,0.2502013597503469,4.9563673749240325,0.1357090825746113,0.16470706572210955
643987,2022-12-14,643987_2022-12-14_121146,584,0.0,True,0.8110839346298974,0.18472102651413677,0.25006199356404685,4.873455334658592,0.1357090825746113,0.16470706572210955
643987,2022-12-14,643987_2022-12-14_121146,585,0.0,True,0.8485258041198516,0.18472102651413677,0.24891482006925048,4.802513382920091,0.1357090825746113,0.16470706572210955
643987,2022-12-14,643987_2022-12-14_121146,586,0.0,True,0.8728546507911671,0.18472102651413677,0.2466162986302029,4.77990894123812,0.1357090825746113,0.16470706572210955
643987,2022-12-14,643987_2022-12-14_121146,587,0.0,False,0.8904003689684199,0.18472102651413677,0.2744357820296685,4.682062832847112,0.1357090825746113,0.16470706572210955
643987,2022-12-14,643987_2022-12-14_121146,588,0.0,True,0.6314547029954222,0.18472102651413677,0.2625058605153042,4.287874218809886,0.1357090825746113,0.16470706572210955
643987,2022-12-14,643987_2022-12-14_121146,589,0.0,True,0.7750589735224647,0.18472102651413677,0.26586892914849997,4.12180388459132,0.1357090825746113,0.16470706572210955
643987,2022-12-14,643987_2022-12-14_121146,590,0.0,True,0.8321810972856614,0.18472102651413677,0.26163974169145443,4.19250539416651,0.1357090825746113,0.16470706572210955
643987,2022-12-14,643987_2022-12-14_121146,592,0.0,True,0.8631543658583201,0.18472102651413677,0.2481522213113319,3.8753234293304475,0.1357090825746113,0.16470706572210955
643987,2022-12-14,643987_2022-12-14_121146,593,0.0,True,0.8837609272632561,0.18472102651413677,0.25046378039299727,3.5643796056981953,0.1357090825746113,0.16470706572210955
643987,2022-12-14,643987_2022-12-14_121146,594,0.0,True,0.8989053152350258,0.18472102651413677,0.2633307350014001,3.456711501502029,0.1357090825746113,0.16470706572210955
643987,2022-12-14,643987_2022-12-14_121146,595,0.0,True,0.911559711538632,0.18472102651413677,0.2801490144417216,3.1069512117505833,0.1357090825746113,0.16470706572210955
643987,2022-12-14,643987_2022-12-14_121146,596,0.0,True,0.9216813390196854,0.18472102651413677,0.2864361271524242,2.6581921721424315,0.1357090825746113,0.16470706572210955
643987,2022-12-14,643987_2022-12-14_121146,597,0.0,True,0.929778331713949,0.18472102651413677,0.27881503301034516,2.449216662308801,0.1357090825746113,0.16470706572210955
643987,2022-12-14,643987_2022-12-14_121146,598,1.0,False,0.9366081198704109,0.18472102651413677,0.2835887861280556,2.237228447576907,0.1357090825746113,0.16470706572210955
643987,2022-12-14,643987_2022-12-14_121146,599,1.0,True,0.9366081198704109,0.1429346122293225,0.28745919038221784,2.0720023626223454,0.1357090825746113,0.16470706572210955
643987,2022-12-14,643987_2022-12-14_121146,604,1.0,False,0.9366081198704109,0.4092647476938238,0.28420008083959275,2.0024355770892996,0.1357090825746113,0.16470706572210955
643987,2022-12-14,643987_2022-12-14_121146,605,1.0,False,0.9366081198704109,0.2285167966824416,0.2876286263908096,2.011096814429546,0.1357090825746113,0.16470706572210955
643987,2022-12-14,643987_2022-12-14_121146,631,0.0,False,0.9366081198704109,0.1763277730651676,0.2884884285113497,2.0575952127544204,0.1357090825746113,0.16470706572210955
